query_id,ref_id,corpus,audio_path,offset_sec,length_sec,seed,section_type,section_label,section_start,section_end,section_duration
carnatic_ab_100_Pavamaana_Suthudu_Pattu_s000_composed,carnatic_100_Pavamaana_Suthudu_Pattu,carnatic,/Users/prita/Desktop/Audio Fingerprinting/afp_bench/data/queries/carnatic/ablation/carnatic_ab_100_Pavamaana_Suthudu_Pattu_s000_composed.wav,24.431,10.0,1300684743,composed,Caraṇam,16.065,42.587,26.522
carnatic_ab_101_Maname_Kanamum_s000_composed,carnatic_101_Maname_Kanamum,carnatic,/Users/prita/Desktop/Audio Fingerprinting/afp_bench/data/queries/carnatic/ablation/carnatic_ab_101_Maname_Kanamum_s000_composed.wav,11.911,10.0,1198233937,composed,Pallavi,0.25,33.53,33.28
carnatic_ab_101_Maname_Kanamum_s001_composed,carnatic_101_Maname_Kanamum,carnatic,/Users/prita/Desktop/Audio Fingerprinting/afp_bench/data/queries/carnatic/ablation/carnatic_ab_101_Maname_Kanamum_s001_composed.wav,41.238,10.0,2445929631,composed,Caraṇam,33.53,58.648,25.118
carnatic_ab_101_Maname_Kanamum_s002_composed,carnatic_101_Maname_Kanamum,carnatic,/Users/prita/Desktop/Audio Fingerprinting/afp_bench/data/queries/carnatic/ablation/carnatic_ab_101_Maname_Kanamum_s002_composed.wav,79.467,10.0,2947307545,composed,Caraṇam,58.648,110.469,51.821
carnatic_ab_101_Maname_Kanamum_s003_composed,carnatic_101_Maname_Kanamum,carnatic,/Users/prita/Desktop/Audio Fingerprinting/afp_bench/data/queries/carnatic/ablation/carnatic_ab_101_Maname_Kanamum_s003_composed.wav,144.264,10.0,208715592,composed,Caraṇam,110.469,187.455,76.986
carnatic_ab_102_Ennadu_Jootuno_s000_alaap,carnatic_102_Ennadu_Jootuno,carnatic,/Users/prita/Desktop/Audio Fingerprinting/afp_bench/data/queries/carnatic/ablation/carnatic_ab_102_Ennadu_Jootuno_s000_alaap.wav,143.759,10.0,3734677934,alaap,Vocal ālāp,0.116,297.053,296.937
carnatic_ab_102_Ennadu_Jootuno_s001_alaap,carnatic_102_Ennadu_Jootuno,carnatic,/Users/prita/Desktop/Audio Fingerprinting/afp_bench/data/queries/carnatic/ablation/carnatic_ab_102_Ennadu_Jootuno_s001_alaap.wav,359.499,10.0,3964205129,alaap,Violin ālāp,297.053,431.891,134.838
carnatic_ab_102_Ennadu_Jootuno_s002_composed,carnatic_102_Ennadu_Jootuno,carnatic,/Users/prita/Desktop/Audio Fingerprinting/afp_bench/data/queries/carnatic/ablation/carnatic_ab_102_Ennadu_Jootuno_s002_composed.wav,474.234,10.0,1046025894,composed,Pallavi,431.891,527.116,95.225
carnatic_ab_102_Ennadu_Jootuno_s003_composed,carnatic_102_Ennadu_Jootuno,carnatic,/Users/prita/Desktop/Audio Fingerprinting/afp_bench/data/queries/carnatic/ablation/carnatic_ab_102_Ennadu_Jootuno_s003_composed.wav,584.863,10.0,3150825126,composed,Anupallavi,527.116,653.526,126.409
carnatic_ab_102_Ennadu_Jootuno_s004_composed,carnatic_102_Ennadu_Jootuno,carnatic,/Users/prita/Desktop/Audio Fingerprinting/afp_bench/data/queries/carnatic/ablation/carnatic_ab_102_Ennadu_Jootuno_s004_composed.wav,728.141,10.0,967789481,composed,Caraṇam,653.526,811.955,158.43
carnatic_ab_103_Paarengum_s000_composed,carnatic_103_Paarengum,carnatic,/Users/prita/Desktop/Audio Fingerprinting/afp_bench/data/queries/carnatic/ablation/carnatic_ab_103_Paarengum_s000_composed.wav,36.548,10.0,401608558,composed,Pallavi,0.18,83.143,82.963
carnatic_ab_103_Paarengum_s001_composed,carnatic_103_Paarengum,carnatic,/Users/prita/Desktop/Audio Fingerprinting/afp_bench/data/queries/carnatic/ablation/carnatic_ab_103_Paarengum_s001_composed.wav,124.324,10.0,3998224013,composed,Anupallavi,83.143,176.473,93.331
carnatic_ab_103_Paarengum_s002_composed,carnatic_103_Paarengum,carnatic,/Users/prita/Desktop/Audio Fingerprinting/afp_bench/data/queries/carnatic/ablation/carnatic_ab_103_Paarengum_s002_composed.wav,258.993,10.0,3295308586,composed,Caraṇam,176.473,351.399,174.926
carnatic_ab_104_Saravanabhava_Enum_s000_composed,carnatic_104_Saravanabhava_Enum,carnatic,/Users/prita/Desktop/Audio Fingerprinting/afp_bench/data/queries/carnatic/ablation/carnatic_ab_104_Saravanabhava_Enum_s000_composed.wav,19.902,10.0,3521295645,composed,Anupallavi,0.226,49.534,49.308
carnatic_ab_104_Saravanabhava_Enum_s001_composed,carnatic_104_Saravanabhava_Enum,carnatic,/Users/prita/Desktop/Audio Fingerprinting/afp_bench/data/queries/carnatic/ablation/carnatic_ab_104_Saravanabhava_Enum_s001_composed.wav,60.84,10.0,189498889,composed,Pallavi,49.534,82.93,33.396
carnatic_ab_104_Saravanabhava_Enum_s002_composed,carnatic_104_Saravanabhava_Enum,carnatic,/Users/prita/Desktop/Audio Fingerprinting/afp_bench/data/queries/carnatic/ablation/carnatic_ab_104_Saravanabhava_Enum_s002_composed.wav,125.595,10.0,3023147318,composed,Caraṇam,82.93,177.432,94.501
carnatic_ab_106_Aru_marundu_s000_composed,carnatic_106_Aru_marundu,carnatic,/Users/prita/Desktop/Audio Fingerprinting/afp_bench/data/queries/carnatic/ablation/carnatic_ab_106_Aru_marundu_s000_composed.wav,33.143,10.0,3374845532,composed,Pallavi,0.073,76.42,76.347
carnatic_ab_106_Aru_marundu_s001_composed,carnatic_106_Aru_marundu,carnatic,/Users/prita/Desktop/Audio Fingerprinting/afp_bench/data/queries/carnatic/ablation/carnatic_ab_106_Aru_marundu_s001_composed.wav,119.123,10.0,3996754768,composed,Anupallavi,76.42,171.967,95.547
carnatic_ab_106_Aru_marundu_s002_composed,carnatic_106_Aru_marundu,carnatic,/Users/prita/Desktop/Audio Fingerprinting/afp_bench/data/queries/carnatic/ablation/carnatic_ab_106_Aru_marundu_s002_composed.wav,188.86,10.0,602584787,composed,Caraṇam,171.967,216.245,44.278
carnatic_ab_106_Aru_marundu_s003_composed,carnatic_106_Aru_marundu,carnatic,/Users/prita/Desktop/Audio Fingerprinting/afp_bench/data/queries/carnatic/ablation/carnatic_ab_106_Aru_marundu_s003_composed.wav,807.291,10.0,1568218364,composed,Caraṇam,772.748,851.278,78.53
carnatic_ab_107_Eranapai_s000_composed,carnatic_107_Eranapai,carnatic,/Users/prita/Desktop/Audio Fingerprinting/afp_bench/data/queries/carnatic/ablation/carnatic_ab_107_Eranapai_s000_composed.wav,18.402,10.0,1234039654,composed,Pallavi,0.244,45.691,45.447
carnatic_ab_107_Eranapai_s001_composed,carnatic_107_Eranapai,carnatic,/Users/prita/Desktop/Audio Fingerprinting/afp_bench/data/queries/carnatic/ablation/carnatic_ab_107_Eranapai_s001_composed.wav,63.531,10.0,2866825645,composed,Anupallavi,45.691,91.034,45.343
carnatic_ab_107_Eranapai_s002_composed,carnatic_107_Eranapai,carnatic,/Users/prita/Desktop/Audio Fingerprinting/afp_bench/data/queries/carnatic/ablation/carnatic_ab_107_Eranapai_s002_composed.wav,180.879,10.0,3903336629,composed,Caraṇam,180.239,191.791,11.552
carnatic_ab_108_Pullum_Silambena_Kan_s000_composed,carnatic_108_Pullum_Silambena_Kan,carnatic,/Users/prita/Desktop/Audio Fingerprinting/afp_bench/data/queries/carnatic/ablation/carnatic_ab_108_Pullum_Silambena_Kan_s000_composed.wav,35.3,10.0,1318840711,composed,Pallavi,0.366,79.929,79.563
carnatic_ab_108_Pullum_Silambena_Kan_s001_composed,carnatic_108_Pullum_Silambena_Kan,carnatic,/Users/prita/Desktop/Audio Fingerprinting/afp_bench/data/queries/carnatic/ablation/carnatic_ab_108_Pullum_Silambena_Kan_s001_composed.wav,117.118,10.0,479758749,composed,Anupallavi,79.929,164.804,84.875
carnatic_ab_108_Pullum_Silambena_Kan_s002_composed,carnatic_108_Pullum_Silambena_Kan,carnatic,/Users/prita/Desktop/Audio Fingerprinting/afp_bench/data/queries/carnatic/ablation/carnatic_ab_108_Pullum_Silambena_Kan_s002_composed.wav,259.469,10.0,579012658,composed,Caraṇam,164.804,363.833,199.03
carnatic_ab_109_Sri_Raghuvara_Sugunaalaya_s000_composed,carnatic_109_Sri_Raghuvara_Sugunaalaya,carnatic,/Users/prita/Desktop/Audio Fingerprinting/afp_bench/data/queries/carnatic/ablation/carnatic_ab_109_Sri_Raghuvara_Sugunaalaya_s000_composed.wav,40.874,10.0,2592245282,composed,Pallavi,0.075,92.462,92.386
carnatic_ab_109_Sri_Raghuvara_Sugunaalaya_s001_composed,carnatic_109_Sri_Raghuvara_Sugunaalaya,carnatic,/Users/prita/Desktop/Audio Fingerprinting/afp_bench/data/queries/carnatic/ablation/carnatic_ab_109_Sri_Raghuvara_Sugunaalaya_s001_composed.wav,122.625,10.0,1151417580,composed,Anupallavi,92.462,163.515,71.053
carnatic_ab_109_Sri_Raghuvara_Sugunaalaya_s002_composed,carnatic_109_Sri_Raghuvara_Sugunaalaya,carnatic,/Users/prita/Desktop/Audio Fingerprinting/afp_bench/data/queries/carnatic/ablation/carnatic_ab_109_Sri_Raghuvara_Sugunaalaya_s002_composed.wav,204.839,10.0,2525806622,composed,Caraṇam,163.515,256.87,93.355
carnatic_ab_110_Ragam_Thanam_Pallavi_-_Shanmukhapriya_s000_alaap,carnatic_110_Ragam_Thanam_Pallavi_-_Shanmukhapriya,carnatic,/Users/prita/Desktop/Audio Fingerprinting/afp_bench/data/queries/carnatic/ablation/carnatic_ab_110_Ragam_Thanam_Pallavi_-_Shanmukhapriya_s000_alaap.wav,498.898,10.0,966930825,alaap,Vocal ālāp,0.327,1007.978,1007.652
carnatic_ab_110_Ragam_Thanam_Pallavi_-_Shanmukhapriya_s001_alaap,carnatic_110_Ragam_Thanam_Pallavi_-_Shanmukhapriya,carnatic,/Users/prita/Desktop/Audio Fingerprinting/afp_bench/data/queries/carnatic/ablation/carnatic_ab_110_Ragam_Thanam_Pallavi_-_Shanmukhapriya_s001_alaap.wav,1176.239,10.0,1382772591,alaap,Violin ālāp,1007.978,1354.257,346.279
carnatic_ab_110_Ragam_Thanam_Pallavi_-_Shanmukhapriya_s002_composed,carnatic_110_Ragam_Thanam_Pallavi_-_Shanmukhapriya,carnatic,/Users/prita/Desktop/Audio Fingerprinting/afp_bench/data/queries/carnatic/ablation/carnatic_ab_110_Ragam_Thanam_Pallavi_-_Shanmukhapriya_s002_composed.wav,2513.261,10.0,3838661098,composed,Pallavi,2302.328,2733.453,431.125
carnatic_ab_111_Sarasadalanayana_s000_alaap,carnatic_111_Sarasadalanayana,carnatic,/Users/prita/Desktop/Audio Fingerprinting/afp_bench/data/queries/carnatic/ablation/carnatic_ab_111_Sarasadalanayana_s000_alaap.wav,289.321,10.0,416289495,alaap,Vocal ālāp,0.392,588.579,588.188
carnatic_ab_111_Sarasadalanayana_s001_alaap,carnatic_111_Sarasadalanayana,carnatic,/Users/prita/Desktop/Audio Fingerprinting/afp_bench/data/queries/carnatic/ablation/carnatic_ab_111_Sarasadalanayana_s001_alaap.wav,715.608,10.0,1065454682,alaap,Violin ālāp,588.579,851.894,263.314
carnatic_ab_111_Sarasadalanayana_s002_composed,carnatic_111_Sarasadalanayana,carnatic,/Users/prita/Desktop/Audio Fingerprinting/afp_bench/data/queries/carnatic/ablation/carnatic_ab_111_Sarasadalanayana_s002_composed.wav,914.553,10.0,146008539,composed,Pallavi,851.894,986.662,134.769
carnatic_ab_111_Sarasadalanayana_s003_composed,carnatic_111_Sarasadalanayana,carnatic,/Users/prita/Desktop/Audio Fingerprinting/afp_bench/data/queries/carnatic/ablation/carnatic_ab_111_Sarasadalanayana_s003_composed.wav,1061.321,10.0,1976724634,composed,Anupallavi,986.662,1145.87,159.208
carnatic_ab_111_Sarasadalanayana_s004_composed,carnatic_111_Sarasadalanayana,carnatic,/Users/prita/Desktop/Audio Fingerprinting/afp_bench/data/queries/carnatic/ablation/carnatic_ab_111_Sarasadalanayana_s004_composed.wav,1207.931,10.0,443035025,composed,Caraṇam,1145.87,1280.766,134.896
carnatic_ab_111_Sarasadalanayana_s005_tani,carnatic_111_Sarasadalanayana,carnatic,/Users/prita/Desktop/Audio Fingerprinting/afp_bench/data/queries/carnatic/ablation/carnatic_ab_111_Sarasadalanayana_s005_tani.wav,2359.707,10.0,574835756,tani,Tani āvartana,1963.05,2765.487,802.437
carnatic_ab_112_Rama_Rama_Guna_Seema_s000_alaap,carnatic_112_Rama_Rama_Guna_Seema,carnatic,/Users/prita/Desktop/Audio Fingerprinting/afp_bench/data/queries/carnatic/ablation/carnatic_ab_112_Rama_Rama_Guna_Seema_s000_alaap.wav,296.458,10.0,924884832,alaap,Vocal ālāp,0.065,603.624,603.559
carnatic_ab_112_Rama_Rama_Guna_Seema_s001_alaap,carnatic_112_Rama_Rama_Guna_Seema,carnatic,/Users/prita/Desktop/Audio Fingerprinting/afp_bench/data/queries/carnatic/ablation/carnatic_ab_112_Rama_Rama_Guna_Seema_s001_alaap.wav,798.652,10.0,3652451475,alaap,Violin ālāp,603.624,1004.016,400.392
carnatic_ab_112_Rama_Rama_Guna_Seema_s002_composed,carnatic_112_Rama_Rama_Guna_Seema,carnatic,/Users/prita/Desktop/Audio Fingerprinting/afp_bench/data/queries/carnatic/ablation/carnatic_ab_112_Rama_Rama_Guna_Seema_s002_composed.wav,1083.199,10.0,1562369028,composed,Pallavi,1004.016,1171.657,167.641
carnatic_ab_112_Rama_Rama_Guna_Seema_s003_composed,carnatic_112_Rama_Rama_Guna_Seema,carnatic,/Users/prita/Desktop/Audio Fingerprinting/afp_bench/data/queries/carnatic/ablation/carnatic_ab_112_Rama_Rama_Guna_Seema_s003_composed.wav,1248.172,10.0,2956983805,composed,Anupallavi,1171.657,1333.78,162.122
carnatic_ab_112_Rama_Rama_Guna_Seema_s004_composed,carnatic_112_Rama_Rama_Guna_Seema,carnatic,/Users/prita/Desktop/Audio Fingerprinting/afp_bench/data/queries/carnatic/ablation/carnatic_ab_112_Rama_Rama_Guna_Seema_s004_composed.wav,1426.426,10.0,3362470399,composed,Caraṇam,1333.78,1529.551,195.771
carnatic_ab_112_Rama_Rama_Guna_Seema_s005_tani,carnatic_112_Rama_Rama_Guna_Seema,carnatic,/Users/prita/Desktop/Audio Fingerprinting/afp_bench/data/queries/carnatic/ablation/carnatic_ab_112_Rama_Rama_Guna_Seema_s005_tani.wav,2886.594,10.0,1607818722,tani,Tani āvartana,2174.531,3608.503,1433.972
carnatic_ab_113_Prathi_Vaaram_Vaaram_s000_alaap,carnatic_113_Prathi_Vaaram_Vaaram,carnatic,/Users/prita/Desktop/Audio Fingerprinting/afp_bench/data/queries/carnatic/ablation/carnatic_ab_113_Prathi_Vaaram_Vaaram_s000_alaap.wav,46.978,10.0,375102196,alaap,Vocal ālāp,1.718,102.493,100.775
carnatic_ab_113_Prathi_Vaaram_Vaaram_s001_alaap,carnatic_113_Prathi_Vaaram_Vaaram,carnatic,/Users/prita/Desktop/Audio Fingerprinting/afp_bench/data/queries/carnatic/ablation/carnatic_ab_113_Prathi_Vaaram_Vaaram_s001_alaap.wav,118.342,10.0,4064619538,alaap,Violin ālāp,102.493,143.639,41.146
carnatic_ab_113_Prathi_Vaaram_Vaaram_s002_composed,carnatic_113_Prathi_Vaaram_Vaaram,carnatic,/Users/prita/Desktop/Audio Fingerprinting/afp_bench/data/queries/carnatic/ablation/carnatic_ab_113_Prathi_Vaaram_Vaaram_s002_composed.wav,184.108,10.0,4009556715,composed,Pallavi,143.639,233.871,90.233
carnatic_ab_113_Prathi_Vaaram_Vaaram_s003_composed,carnatic_113_Prathi_Vaaram_Vaaram,carnatic,/Users/prita/Desktop/Audio Fingerprinting/afp_bench/data/queries/carnatic/ablation/carnatic_ab_113_Prathi_Vaaram_Vaaram_s003_composed.wav,271.471,10.0,1166161385,composed,Anupallavi,233.871,319.599,85.728
carnatic_ab_113_Prathi_Vaaram_Vaaram_s004_composed,carnatic_113_Prathi_Vaaram_Vaaram,carnatic,/Users/prita/Desktop/Audio Fingerprinting/afp_bench/data/queries/carnatic/ablation/carnatic_ab_113_Prathi_Vaaram_Vaaram_s004_composed.wav,344.023,10.0,3350553637,composed,Caraṇam,319.599,378.671,59.072
carnatic_ab_113_Prathi_Vaaram_Vaaram_s005_composed,carnatic_113_Prathi_Vaaram_Vaaram,carnatic,/Users/prita/Desktop/Audio Fingerprinting/afp_bench/data/queries/carnatic/ablation/carnatic_ab_113_Prathi_Vaaram_Vaaram_s005_composed.wav,428.048,10.0,1661767770,composed,Caraṇam,378.671,487.967,109.296
carnatic_ab_114_Varashiki_Vahana_s000_composed,carnatic_114_Varashiki_Vahana,carnatic,/Users/prita/Desktop/Audio Fingerprinting/afp_bench/data/queries/carnatic/ablation/carnatic_ab_114_Varashiki_Vahana_s000_composed.wav,64.264,10.0,1004642164,composed,Pallavi,0.0,137.665,137.665
carnatic_ab_114_Varashiki_Vahana_s001_composed,carnatic_114_Varashiki_Vahana,carnatic,/Users/prita/Desktop/Audio Fingerprinting/afp_bench/data/queries/carnatic/ablation/carnatic_ab_114_Varashiki_Vahana_s001_composed.wav,174.118,10.0,207062180,composed,Anupallavi,137.665,221.257,83.592
carnatic_ab_114_Varashiki_Vahana_s002_composed,carnatic_114_Varashiki_Vahana,carnatic,/Users/prita/Desktop/Audio Fingerprinting/afp_bench/data/queries/carnatic/ablation/carnatic_ab_114_Varashiki_Vahana_s002_composed.wav,287.141,10.0,217049008,composed,Caraṇam,221.257,362.841,141.584
carnatic_ab_115_Idhu_Thaano_Thillai_Sthalam_s000_composed,carnatic_115_Idhu_Thaano_Thillai_Sthalam,carnatic,/Users/prita/Desktop/Audio Fingerprinting/afp_bench/data/queries/carnatic/ablation/carnatic_ab_115_Idhu_Thaano_Thillai_Sthalam_s000_composed.wav,53.91,10.0,539455754,composed,Pallavi,0.093,117.957,117.864
carnatic_ab_115_Idhu_Thaano_Thillai_Sthalam_s001_composed,carnatic_115_Idhu_Thaano_Thillai_Sthalam,carnatic,/Users/prita/Desktop/Audio Fingerprinting/afp_bench/data/queries/carnatic/ablation/carnatic_ab_115_Idhu_Thaano_Thillai_Sthalam_s001_composed.wav,153.816,10.0,862079248,composed,Caraṇam,117.957,200.62,82.663
carnatic_ab_115_Idhu_Thaano_Thillai_Sthalam_s002_composed,carnatic_115_Idhu_Thaano_Thillai_Sthalam,carnatic,/Users/prita/Desktop/Audio Fingerprinting/afp_bench/data/queries/carnatic/ablation/carnatic_ab_115_Idhu_Thaano_Thillai_Sthalam_s002_composed.wav,267.183,10.0,3339583554,composed,Caraṇam,200.62,342.883,142.263
carnatic_ab_116_Bhuvini_Dasudane_s000_composed,carnatic_116_Bhuvini_Dasudane,carnatic,/Users/prita/Desktop/Audio Fingerprinting/afp_bench/data/queries/carnatic/ablation/carnatic_ab_116_Bhuvini_Dasudane_s000_composed.wav,37.715,10.0,439745758,composed,Pallavi,0.065,85.355,85.29
carnatic_ab_116_Bhuvini_Dasudane_s001_composed,carnatic_116_Bhuvini_Dasudane,carnatic,/Users/prita/Desktop/Audio Fingerprinting/afp_bench/data/queries/carnatic/ablation/carnatic_ab_116_Bhuvini_Dasudane_s001_composed.wav,121.469,10.0,451005302,composed,Anupallavi,85.355,167.314,81.959
carnatic_ab_116_Bhuvini_Dasudane_s002_composed,carnatic_116_Bhuvini_Dasudane,carnatic,/Users/prita/Desktop/Audio Fingerprinting/afp_bench/data/queries/carnatic/ablation/carnatic_ab_116_Bhuvini_Dasudane_s002_composed.wav,233.172,10.0,3096800314,composed,Caraṇam,167.314,309.342,142.028
carnatic_ab_117_Karuna_Nidhi_Illalo_s000_alaap,carnatic_117_Karuna_Nidhi_Illalo,carnatic,/Users/prita/Desktop/Audio Fingerprinting/afp_bench/data/queries/carnatic/ablation/carnatic_ab_117_Karuna_Nidhi_Illalo_s000_alaap.wav,151.139,10.0,1704614646,alaap,Vocal ālāp,0.081,312.912,312.831
carnatic_ab_117_Karuna_Nidhi_Illalo_s001_alaap,carnatic_117_Karuna_Nidhi_Illalo,carnatic,/Users/prita/Desktop/Audio Fingerprinting/afp_bench/data/queries/carnatic/ablation/carnatic_ab_117_Karuna_Nidhi_Illalo_s001_alaap.wav,403.203,10.0,3947399972,alaap,Violin ālāp,312.912,504.489,191.577
carnatic_ab_117_Karuna_Nidhi_Illalo_s002_composed,carnatic_117_Karuna_Nidhi_Illalo,carnatic,/Users/prita/Desktop/Audio Fingerprinting/afp_bench/data/queries/carnatic/ablation/carnatic_ab_117_Karuna_Nidhi_Illalo_s002_composed.wav,567.85,10.0,243757834,composed,Pallavi,504.489,641.887,137.398
carnatic_ab_117_Karuna_Nidhi_Illalo_s003_composed,carnatic_117_Karuna_Nidhi_Illalo,carnatic,/Users/prita/Desktop/Audio Fingerprinting/afp_bench/data/queries/carnatic/ablation/carnatic_ab_117_Karuna_Nidhi_Illalo_s003_composed.wav,702.692,10.0,3783413697,composed,Anupallavi,641.887,773.782,131.895
carnatic_ab_117_Karuna_Nidhi_Illalo_s004_composed,carnatic_117_Karuna_Nidhi_Illalo,carnatic,/Users/prita/Desktop/Audio Fingerprinting/afp_bench/data/queries/carnatic/ablation/carnatic_ab_117_Karuna_Nidhi_Illalo_s004_composed.wav,843.975,10.0,1188520976,composed,Caraṇam,773.782,923.216,149.435
carnatic_ab_118_Tulasi_Bilva_s000_composed,carnatic_118_Tulasi_Bilva,carnatic,/Users/prita/Desktop/Audio Fingerprinting/afp_bench/data/queries/carnatic/ablation/carnatic_ab_118_Tulasi_Bilva_s000_composed.wav,95.549,10.0,391277559,composed,Pallavi,0.0,200.359,200.359
carnatic_ab_118_Tulasi_Bilva_s001_composed,carnatic_118_Tulasi_Bilva,carnatic,/Users/prita/Desktop/Audio Fingerprinting/afp_bench/data/queries/carnatic/ablation/carnatic_ab_118_Tulasi_Bilva_s001_composed.wav,267.362,10.0,3417514213,composed,Anupallavi,200.359,343.51,143.151
carnatic_ab_118_Tulasi_Bilva_s002_composed,carnatic_118_Tulasi_Bilva,carnatic,/Users/prita/Desktop/Audio Fingerprinting/afp_bench/data/queries/carnatic/ablation/carnatic_ab_118_Tulasi_Bilva_s002_composed.wav,461.874,10.0,142122467,composed,Caraṇam,343.51,591.673,248.163
carnatic_ab_120_Velum_Mayilume_s000_alaap,carnatic_120_Velum_Mayilume,carnatic,/Users/prita/Desktop/Audio Fingerprinting/afp_bench/data/queries/carnatic/ablation/carnatic_ab_120_Velum_Mayilume_s000_alaap.wav,115.525,10.0,3485808916,alaap,Vocal ālāp,0.0,240.065,240.065
carnatic_ab_120_Velum_Mayilume_s001_alaap,carnatic_120_Velum_Mayilume,carnatic,/Users/prita/Desktop/Audio Fingerprinting/afp_bench/data/queries/carnatic/ablation/carnatic_ab_120_Velum_Mayilume_s001_alaap.wav,334.61,10.0,1994668779,alaap,Violin ālāp,240.065,439.879,199.814
carnatic_ab_120_Velum_Mayilume_s002_composed,carnatic_120_Velum_Mayilume,carnatic,/Users/prita/Desktop/Audio Fingerprinting/afp_bench/data/queries/carnatic/ablation/carnatic_ab_120_Velum_Mayilume_s002_composed.wav,480.825,10.0,508536707,composed,Pallavi,439.879,532.759,92.88
carnatic_ab_120_Velum_Mayilume_s003_composed,carnatic_120_Velum_Mayilume,carnatic,/Users/prita/Desktop/Audio Fingerprinting/afp_bench/data/queries/carnatic/ablation/carnatic_ab_120_Velum_Mayilume_s003_composed.wav,563.116,10.0,351674859,composed,Anupallavi,532.759,603.626,70.867
carnatic_ab_120_Velum_Mayilume_s004_composed,carnatic_120_Velum_Mayilume,carnatic,/Users/prita/Desktop/Audio Fingerprinting/afp_bench/data/queries/carnatic/ablation/carnatic_ab_120_Velum_Mayilume_s004_composed.wav,664.044,10.0,3995058086,composed,Caraṇam,603.626,734.25,130.624
carnatic_ab_13_Thillana_Purnachandrika_s000_composed,carnatic_13_Thillana_Purnachandrika,carnatic,/Users/prita/Desktop/Audio Fingerprinting/afp_bench/data/queries/carnatic/ablation/carnatic_ab_13_Thillana_Purnachandrika_s000_composed.wav,10.418,10.0,3324714431,composed,Pallavi,1.808,28.78,26.971
carnatic_ab_13_Thillana_Purnachandrika_s001_composed,carnatic_13_Thillana_Purnachandrika,carnatic,/Users/prita/Desktop/Audio Fingerprinting/afp_bench/data/queries/carnatic/ablation/carnatic_ab_13_Thillana_Purnachandrika_s001_composed.wav,38.179,10.0,875246856,composed,Anupallavi,28.78,57.061,28.282
carnatic_ab_13_Thillana_Purnachandrika_s002_composed,carnatic_13_Thillana_Purnachandrika,carnatic,/Users/prita/Desktop/Audio Fingerprinting/afp_bench/data/queries/carnatic/ablation/carnatic_ab_13_Thillana_Purnachandrika_s002_composed.wav,63.461,10.0,347179076,composed,Caraṇam,57.061,79.959,22.898
carnatic_ab_14_Angakaram_s000_alaap,carnatic_14_Angakaram,carnatic,/Users/prita/Desktop/Audio Fingerprinting/afp_bench/data/queries/carnatic/ablation/carnatic_ab_14_Angakaram_s000_alaap.wav,4.932,10.0,2423655607,alaap,Vocal ālāp,0.848,18.53,17.682
carnatic_ab_14_Angakaram_s001_composed,carnatic_14_Angakaram,carnatic,/Users/prita/Desktop/Audio Fingerprinting/afp_bench/data/queries/carnatic/ablation/carnatic_ab_14_Angakaram_s001_composed.wav,54.523,10.0,4089292367,composed,Pallavi,18.53,100.624,82.094
carnatic_ab_14_Angakaram_s002_composed,carnatic_14_Angakaram,carnatic,/Users/prita/Desktop/Audio Fingerprinting/afp_bench/data/queries/carnatic/ablation/carnatic_ab_14_Angakaram_s002_composed.wav,163.188,10.0,4185470092,composed,Anupallavi,100.624,235.95,135.326
carnatic_ab_14_Angakaram_s003_composed,carnatic_14_Angakaram,carnatic,/Users/prita/Desktop/Audio Fingerprinting/afp_bench/data/queries/carnatic/ablation/carnatic_ab_14_Angakaram_s003_composed.wav,326.15,10.0,2878172186,composed,Caraṇam,235.95,427.154,191.205
carnatic_ab_152_Vanajakshi_-_Varnam_s000_composed,carnatic_152_Vanajakshi_-_Varnam,carnatic,/Users/prita/Desktop/Audio Fingerprinting/afp_bench/data/queries/carnatic/ablation/carnatic_ab_152_Vanajakshi_-_Varnam_s000_composed.wav,38.924,10.0,2941986121,composed,Pallavi,0.359,86.563,86.204
carnatic_ab_152_Vanajakshi_-_Varnam_s001_composed,carnatic_152_Vanajakshi_-_Varnam,carnatic,/Users/prita/Desktop/Audio Fingerprinting/afp_bench/data/queries/carnatic/ablation/carnatic_ab_152_Vanajakshi_-_Varnam_s001_composed.wav,124.302,10.0,279164669,composed,Anupallavi,86.563,171.118,84.555
carnatic_ab_152_Vanajakshi_-_Varnam_s002_composed,carnatic_152_Vanajakshi_-_Varnam,carnatic,/Users/prita/Desktop/Audio Fingerprinting/afp_bench/data/queries/carnatic/ablation/carnatic_ab_152_Vanajakshi_-_Varnam_s002_composed.wav,344.421,10.0,951977876,composed,Caraṇam,336.065,363.184,27.118
carnatic_ab_154_Innamum_Oru_thalam_s000_composed,carnatic_154_Innamum_Oru_thalam,carnatic,/Users/prita/Desktop/Audio Fingerprinting/afp_bench/data/queries/carnatic/ablation/carnatic_ab_154_Innamum_Oru_thalam_s000_composed.wav,41.337,10.0,808506634,composed,Pallavi,0.128,93.251,93.124
carnatic_ab_154_Innamum_Oru_thalam_s001_composed,carnatic_154_Innamum_Oru_thalam,carnatic,/Users/prita/Desktop/Audio Fingerprinting/afp_bench/data/queries/carnatic/ablation/carnatic_ab_154_Innamum_Oru_thalam_s001_composed.wav,130.844,10.0,875380043,composed,Anupallavi,93.251,178.672,85.42
carnatic_ab_154_Innamum_Oru_thalam_s002_composed,carnatic_154_Innamum_Oru_thalam,carnatic,/Users/prita/Desktop/Audio Fingerprinting/afp_bench/data/queries/carnatic/ablation/carnatic_ab_154_Innamum_Oru_thalam_s002_composed.wav,235.283,10.0,3490387035,composed,Caraṇam,178.672,302.916,124.244
carnatic_ab_155_Nadopasana_s000_alaap,carnatic_155_Nadopasana,carnatic,/Users/prita/Desktop/Audio Fingerprinting/afp_bench/data/queries/carnatic/ablation/carnatic_ab_155_Nadopasana_s000_alaap.wav,7.518,10.0,2873868310,alaap,Vocal ālāp,0.76,24.816,24.056
carnatic_ab_155_Nadopasana_s001_composed,carnatic_155_Nadopasana,carnatic,/Users/prita/Desktop/Audio Fingerprinting/afp_bench/data/queries/carnatic/ablation/carnatic_ab_155_Nadopasana_s001_composed.wav,98.704,10.0,3085178650,composed,Pallavi,24.816,182.439,157.623
carnatic_ab_155_Nadopasana_s002_composed,carnatic_155_Nadopasana,carnatic,/Users/prita/Desktop/Audio Fingerprinting/afp_bench/data/queries/carnatic/ablation/carnatic_ab_155_Nadopasana_s002_composed.wav,255.45,10.0,3464392008,composed,Anupallavi,182.439,338.321,155.881
carnatic_ab_155_Nadopasana_s003_composed,carnatic_155_Nadopasana,carnatic,/Users/prita/Desktop/Audio Fingerprinting/afp_bench/data/queries/carnatic/ablation/carnatic_ab_155_Nadopasana_s003_composed.wav,428.466,10.0,797574906,composed,Caraṇam,338.321,528.073,189.753
carnatic_ab_156_Ganta_mani_aadudhu_s000_alaap,carnatic_156_Ganta_mani_aadudhu,carnatic,/Users/prita/Desktop/Audio Fingerprinting/afp_bench/data/queries/carnatic/ablation/carnatic_ab_156_Ganta_mani_aadudhu_s000_alaap.wav,8.616,10.0,3399521656,alaap,Vocal ālāp,0.163,28.024,27.861
carnatic_ab_156_Ganta_mani_aadudhu_s001_composed,carnatic_156_Ganta_mani_aadudhu,carnatic,/Users/prita/Desktop/Audio Fingerprinting/afp_bench/data/queries/carnatic/ablation/carnatic_ab_156_Ganta_mani_aadudhu_s001_composed.wav,52.399,10.0,4145343981,composed,Pallavi,28.024,86.547,58.522
carnatic_ab_156_Ganta_mani_aadudhu_s002_composed,carnatic_156_Ganta_mani_aadudhu,carnatic,/Users/prita/Desktop/Audio Fingerprinting/afp_bench/data/queries/carnatic/ablation/carnatic_ab_156_Ganta_mani_aadudhu_s002_composed.wav,115.883,10.0,1417422341,composed,Anupallavi,86.547,154.694,68.147
carnatic_ab_156_Ganta_mani_aadudhu_s003_composed,carnatic_156_Ganta_mani_aadudhu,carnatic,/Users/prita/Desktop/Audio Fingerprinting/afp_bench/data/queries/carnatic/ablation/carnatic_ab_156_Ganta_mani_aadudhu_s003_composed.wav,194.499,10.0,1273721256,composed,Caraṇam,154.694,243.67,88.976
carnatic_ab_157_Janani_s000_alaap,carnatic_157_Janani,carnatic,/Users/prita/Desktop/Audio Fingerprinting/afp_bench/data/queries/carnatic/ablation/carnatic_ab_157_Janani_s000_alaap.wav,157.511,10.0,3948914755,alaap,Vocal ālāp,0.098,324.988,324.89
carnatic_ab_157_Janani_s001_alaap,carnatic_157_Janani,carnatic,/Users/prita/Desktop/Audio Fingerprinting/afp_bench/data/queries/carnatic/ablation/carnatic_ab_157_Janani_s001_alaap.wav,447.132,10.0,3897739040,alaap,Violin ālāp,324.988,580.18,255.192
carnatic_ab_157_Janani_s002_composed,carnatic_157_Janani,carnatic,/Users/prita/Desktop/Audio Fingerprinting/afp_bench/data/queries/carnatic/ablation/carnatic_ab_157_Janani_s002_composed.wav,662.886,10.0,541742187,composed,Pallavi,580.18,756.392,176.212
carnatic_ab_157_Janani_s003_composed,carnatic_157_Janani,carnatic,/Users/prita/Desktop/Audio Fingerprinting/afp_bench/data/queries/carnatic/ablation/carnatic_ab_157_Janani_s003_composed.wav,820.246,10.0,2851748650,composed,Anupallavi,756.392,894.253,137.861
carnatic_ab_157_Janani_s004_composed,carnatic_157_Janani,carnatic,/Users/prita/Desktop/Audio Fingerprinting/afp_bench/data/queries/carnatic/ablation/carnatic_ab_157_Janani_s004_composed.wav,1362.71,10.0,3912812925,composed,Caraṇam,1312.939,1421.878,108.939
carnatic_ab_159_Ramakrishnaru_Manaegae_s000_alaap,carnatic_159_Ramakrishnaru_Manaegae,carnatic,/Users/prita/Desktop/Audio Fingerprinting/afp_bench/data/queries/carnatic/ablation/carnatic_ab_159_Ramakrishnaru_Manaegae_s000_alaap.wav,27.368,10.0,1030242604,alaap,Vocal ālāp,1.29,63.037,61.747
carnatic_ab_159_Ramakrishnaru_Manaegae_s001_composed,carnatic_159_Ramakrishnaru_Manaegae,carnatic,/Users/prita/Desktop/Audio Fingerprinting/afp_bench/data/queries/carnatic/ablation/carnatic_ab_159_Ramakrishnaru_Manaegae_s001_composed.wav,102.413,10.0,1604605641,composed,Pallavi,63.037,151.527,88.49
carnatic_ab_159_Ramakrishnaru_Manaegae_s002_composed,carnatic_159_Ramakrishnaru_Manaegae,carnatic,/Users/prita/Desktop/Audio Fingerprinting/afp_bench/data/queries/carnatic/ablation/carnatic_ab_159_Ramakrishnaru_Manaegae_s002_composed.wav,196.788,10.0,1026780057,composed,Caraṇam,151.527,252.914,101.388
carnatic_ab_159_Ramakrishnaru_Manaegae_s003_composed,carnatic_159_Ramakrishnaru_Manaegae,carnatic,/Users/prita/Desktop/Audio Fingerprinting/afp_bench/data/queries/carnatic/ablation/carnatic_ab_159_Ramakrishnaru_Manaegae_s003_composed.wav,303.074,10.0,3526202465,composed,Caraṇam,252.914,363.476,110.561
carnatic_ab_15_Samajavarada_s000_composed,carnatic_15_Samajavarada,carnatic,/Users/prita/Desktop/Audio Fingerprinting/afp_bench/data/queries/carnatic/ablation/carnatic_ab_15_Samajavarada_s000_composed.wav,28.642,10.0,2623071822,composed,Pallavi,0.894,65.573,64.679
carnatic_ab_15_Samajavarada_s001_composed,carnatic_15_Samajavarada,carnatic,/Users/prita/Desktop/Audio Fingerprinting/afp_bench/data/queries/carnatic/ablation/carnatic_ab_15_Samajavarada_s001_composed.wav,78.776,10.0,1545107292,composed,Anupallavi,65.573,102.4,36.827
carnatic_ab_15_Samajavarada_s002_composed,carnatic_15_Samajavarada,carnatic,/Users/prita/Desktop/Audio Fingerprinting/afp_bench/data/queries/carnatic/ablation/carnatic_ab_15_Samajavarada_s002_composed.wav,140.139,10.0,3081781267,composed,Caraṇam,102.4,188.697,86.297
carnatic_ab_161_Chalamelara_Saketha_Rama_s000_composed,carnatic_161_Chalamelara_Saketha_Rama,carnatic,/Users/prita/Desktop/Audio Fingerprinting/afp_bench/data/queries/carnatic/ablation/carnatic_ab_161_Chalamelara_Saketha_Rama_s000_composed.wav,16.141,10.0,3031534585,composed,Pallavi,0.145,42.394,42.249
carnatic_ab_161_Chalamelara_Saketha_Rama_s001_composed,carnatic_161_Chalamelara_Saketha_Rama,carnatic,/Users/prita/Desktop/Audio Fingerprinting/afp_bench/data/queries/carnatic/ablation/carnatic_ab_161_Chalamelara_Saketha_Rama_s001_composed.wav,64.533,10.0,1414256661,composed,Anupallavi,42.394,96.235,53.841
carnatic_ab_161_Chalamelara_Saketha_Rama_s002_composed,carnatic_161_Chalamelara_Saketha_Rama,carnatic,/Users/prita/Desktop/Audio Fingerprinting/afp_bench/data/queries/carnatic/ablation/carnatic_ab_161_Chalamelara_Saketha_Rama_s002_composed.wav,159.034,10.0,109851478,composed,Caraṇam,96.235,232.654,136.419
carnatic_ab_162_Kalilo_Hari_Smrana_s000_composed,carnatic_162_Kalilo_Hari_Smrana,carnatic,/Users/prita/Desktop/Audio Fingerprinting/afp_bench/data/queries/carnatic/ablation/carnatic_ab_162_Kalilo_Hari_Smrana_s000_composed.wav,11.945,10.0,1127835806,composed,Pallavi,0.046,34.708,34.662
carnatic_ab_162_Kalilo_Hari_Smrana_s001_composed,carnatic_162_Kalilo_Hari_Smrana,carnatic,/Users/prita/Desktop/Audio Fingerprinting/afp_bench/data/queries/carnatic/ablation/carnatic_ab_162_Kalilo_Hari_Smrana_s001_composed.wav,47.004,10.0,1083623208,composed,Anupallavi,34.708,69.166,34.458
carnatic_ab_162_Kalilo_Hari_Smrana_s002_composed,carnatic_162_Kalilo_Hari_Smrana,carnatic,/Users/prita/Desktop/Audio Fingerprinting/afp_bench/data/queries/carnatic/ablation/carnatic_ab_162_Kalilo_Hari_Smrana_s002_composed.wav,114.292,10.0,1212652988,composed,Caraṇam,69.166,170.188,101.021
carnatic_ab_163_Ninnaiye_rathi_s000_composed,carnatic_163_Ninnaiye_rathi,carnatic,/Users/prita/Desktop/Audio Fingerprinting/afp_bench/data/queries/carnatic/ablation/carnatic_ab_163_Ninnaiye_rathi_s000_composed.wav,52.444,10.0,2723488330,composed,Pallavi,0.163,114.503,114.341
carnatic_ab_163_Ninnaiye_rathi_s001_composed,carnatic_163_Ninnaiye_rathi,carnatic,/Users/prita/Desktop/Audio Fingerprinting/afp_bench/data/queries/carnatic/ablation/carnatic_ab_163_Ninnaiye_rathi_s001_composed.wav,165.595,10.0,1351879316,composed,Caraṇam,114.503,227.503,113.0
carnatic_ab_163_Ninnaiye_rathi_s002_composed,carnatic_163_Ninnaiye_rathi,carnatic,/Users/prita/Desktop/Audio Fingerprinting/afp_bench/data/queries/carnatic/ablation/carnatic_ab_163_Ninnaiye_rathi_s002_composed.wav,290.5,10.0,2240152536,composed,Caraṇam,227.503,363.241,135.737
carnatic_ab_164_Mangalam_s000_composed,carnatic_164_Mangalam,carnatic,/Users/prita/Desktop/Audio Fingerprinting/afp_bench/data/queries/carnatic/ablation/carnatic_ab_164_Mangalam_s000_composed.wav,20.261,10.0,3055996186,composed,Caraṇam,17.247,33.919,16.672
carnatic_ab_164_Mangalam_s001_composed,carnatic_164_Mangalam,carnatic,/Users/prita/Desktop/Audio Fingerprinting/afp_bench/data/queries/carnatic/ablation/carnatic_ab_164_Mangalam_s001_composed.wav,43.382,10.0,1358687457,composed,Caraṇam,33.919,62.407,28.488
carnatic_ab_165_Deenarakshaka_s000_alaap,carnatic_165_Deenarakshaka,carnatic,/Users/prita/Desktop/Audio Fingerprinting/afp_bench/data/queries/carnatic/ablation/carnatic_ab_165_Deenarakshaka_s000_alaap.wav,175.936,10.0,3033501565,alaap,Vocal ālāp,0.598,360.664,360.066
carnatic_ab_165_Deenarakshaka_s001_alaap,carnatic_165_Deenarakshaka,carnatic,/Users/prita/Desktop/Audio Fingerprinting/afp_bench/data/queries/carnatic/ablation/carnatic_ab_165_Deenarakshaka_s001_alaap.wav,442.19,10.0,2183071418,alaap,Violin ālāp,360.664,533.314,172.65
carnatic_ab_165_Deenarakshaka_s002_composed,carnatic_165_Deenarakshaka,carnatic,/Users/prita/Desktop/Audio Fingerprinting/afp_bench/data/queries/carnatic/ablation/carnatic_ab_165_Deenarakshaka_s002_composed.wav,589.687,10.0,1389627892,composed,Pallavi,533.314,655.682,122.367
carnatic_ab_165_Deenarakshaka_s003_composed,carnatic_165_Deenarakshaka,carnatic,/Users/prita/Desktop/Audio Fingerprinting/afp_bench/data/queries/carnatic/ablation/carnatic_ab_165_Deenarakshaka_s003_composed.wav,730.914,10.0,3435154266,composed,Anupallavi,655.682,815.731,160.049
carnatic_ab_165_Deenarakshaka_s004_composed,carnatic_165_Deenarakshaka,carnatic,/Users/prita/Desktop/Audio Fingerprinting/afp_bench/data/queries/carnatic/ablation/carnatic_ab_165_Deenarakshaka_s004_composed.wav,864.157,10.0,365873288,composed,Caraṇam,815.731,922.992,107.262
carnatic_ab_166_O_Rangashayee_s000_alaap,carnatic_166_O_Rangashayee,carnatic,/Users/prita/Desktop/Audio Fingerprinting/afp_bench/data/queries/carnatic/ablation/carnatic_ab_166_O_Rangashayee_s000_alaap.wav,503.48,10.0,554981712,alaap,Vocal ālāp,0.294,1017.551,1017.257
carnatic_ab_166_O_Rangashayee_s001_alaap,carnatic_166_O_Rangashayee,carnatic,/Users/prita/Desktop/Audio Fingerprinting/afp_bench/data/queries/carnatic/ablation/carnatic_ab_166_O_Rangashayee_s001_alaap.wav,1329.248,10.0,1434653744,alaap,Violin ālāp,1017.551,1651.102,633.551
carnatic_ab_166_O_Rangashayee_s002_composed,carnatic_166_O_Rangashayee,carnatic,/Users/prita/Desktop/Audio Fingerprinting/afp_bench/data/queries/carnatic/ablation/carnatic_ab_166_O_Rangashayee_s002_composed.wav,1777.635,10.0,1357833950,composed,Pallavi,1651.102,1914.465,263.363
carnatic_ab_166_O_Rangashayee_s003_composed,carnatic_166_O_Rangashayee,carnatic,/Users/prita/Desktop/Audio Fingerprinting/afp_bench/data/queries/carnatic/ablation/carnatic_ab_166_O_Rangashayee_s003_composed.wav,1988.437,10.0,3499158095,composed,Anupallavi,1914.465,2072.033,157.567
carnatic_ab_166_O_Rangashayee_s004_composed,carnatic_166_O_Rangashayee,carnatic,/Users/prita/Desktop/Audio Fingerprinting/afp_bench/data/queries/carnatic/ablation/carnatic_ab_166_O_Rangashayee_s004_composed.wav,2206.289,10.0,3976586702,composed,Caraṇam,2072.033,2350.367,278.335
carnatic_ab_166_O_Rangashayee_s005_tani,carnatic_166_O_Rangashayee,carnatic,/Users/prita/Desktop/Audio Fingerprinting/afp_bench/data/queries/carnatic/ablation/carnatic_ab_166_O_Rangashayee_s005_tani.wav,3537.911,10.0,2085735281,tani,Tani āvartana,3302.433,3783.871,481.438
carnatic_ab_167_Sama_geeta_priyan_s000_alaap,carnatic_167_Sama_geeta_priyan,carnatic,/Users/prita/Desktop/Audio Fingerprinting/afp_bench/data/queries/carnatic/ablation/carnatic_ab_167_Sama_geeta_priyan_s000_alaap.wav,4.775,10.0,12564046,alaap,Vocal ālāp,0.359,18.547,18.188
carnatic_ab_167_Sama_geeta_priyan_s001_composed,carnatic_167_Sama_geeta_priyan,carnatic,/Users/prita/Desktop/Audio Fingerprinting/afp_bench/data/queries/carnatic/ablation/carnatic_ab_167_Sama_geeta_priyan_s001_composed.wav,51.924,10.0,2541080868,composed,Pallavi,18.547,94.792,76.245
carnatic_ab_167_Sama_geeta_priyan_s002_composed,carnatic_167_Sama_geeta_priyan,carnatic,/Users/prita/Desktop/Audio Fingerprinting/afp_bench/data/queries/carnatic/ablation/carnatic_ab_167_Sama_geeta_priyan_s002_composed.wav,123.163,10.0,3310158824,composed,Anupallavi,94.792,161.265,66.473
carnatic_ab_167_Sama_geeta_priyan_s003_composed,carnatic_167_Sama_geeta_priyan,carnatic,/Users/prita/Desktop/Audio Fingerprinting/afp_bench/data/queries/carnatic/ablation/carnatic_ab_167_Sama_geeta_priyan_s003_composed.wav,204.419,10.0,2775755341,composed,Caraṇam,161.265,258.547,97.282
carnatic_ab_168_Karupuram_Naarumo_s000_composed,carnatic_168_Karupuram_Naarumo,carnatic,/Users/prita/Desktop/Audio Fingerprinting/afp_bench/data/queries/carnatic/ablation/carnatic_ab_168_Karupuram_Naarumo_s000_composed.wav,32.802,10.0,3708552756,composed,Pallavi,0.016,75.102,75.086
carnatic_ab_168_Karupuram_Naarumo_s001_composed,carnatic_168_Karupuram_Naarumo,carnatic,/Users/prita/Desktop/Audio Fingerprinting/afp_bench/data/queries/carnatic/ablation/carnatic_ab_168_Karupuram_Naarumo_s001_composed.wav,124.983,10.0,3265195348,composed,Anupallavi,75.102,184.376,109.273
carnatic_ab_168_Karupuram_Naarumo_s002_composed,carnatic_168_Karupuram_Naarumo,carnatic,/Users/prita/Desktop/Audio Fingerprinting/afp_bench/data/queries/carnatic/ablation/carnatic_ab_168_Karupuram_Naarumo_s002_composed.wav,219.848,10.0,3861507899,composed,Caraṇam,184.376,265.647,81.272
carnatic_ab_169_Va_vela_va_s000_alaap,carnatic_169_Va_vela_va,carnatic,/Users/prita/Desktop/Audio Fingerprinting/afp_bench/data/queries/carnatic/ablation/carnatic_ab_169_Va_vela_va_s000_alaap.wav,113.837,10.0,3355071032,alaap,Vocal ālāp,0.325,237.819,237.494
carnatic_ab_169_Va_vela_va_s001_alaap,carnatic_169_Va_vela_va,carnatic,/Users/prita/Desktop/Audio Fingerprinting/afp_bench/data/queries/carnatic/ablation/carnatic_ab_169_Va_vela_va_s001_alaap.wav,302.199,10.0,177706528,alaap,Violin ālāp,237.819,376.535,138.716
carnatic_ab_169_Va_vela_va_s002_composed,carnatic_169_Va_vela_va,carnatic,/Users/prita/Desktop/Audio Fingerprinting/afp_bench/data/queries/carnatic/ablation/carnatic_ab_169_Va_vela_va_s002_composed.wav,396.553,10.0,751541564,composed,Pallavi,376.535,426.411,49.876
carnatic_ab_169_Va_vela_va_s003_composed,carnatic_169_Va_vela_va,carnatic,/Users/prita/Desktop/Audio Fingerprinting/afp_bench/data/queries/carnatic/ablation/carnatic_ab_169_Va_vela_va_s003_composed.wav,455.505,10.0,2624037191,composed,Anupallavi,426.411,494.817,68.406
carnatic_ab_169_Va_vela_va_s004_composed,carnatic_169_Va_vela_va,carnatic,/Users/prita/Desktop/Audio Fingerprinting/afp_bench/data/queries/carnatic/ablation/carnatic_ab_169_Va_vela_va_s004_composed.wav,565.423,10.0,2271092261,composed,Caraṇam,494.817,646.826,152.009
carnatic_ab_16_Evarura_s000_alaap,carnatic_16_Evarura,carnatic,/Users/prita/Desktop/Audio Fingerprinting/afp_bench/data/queries/carnatic/ablation/carnatic_ab_16_Evarura_s000_alaap.wav,291.498,10.0,1464332451,alaap,Vocal ālāp,0.539,592.898,592.36
carnatic_ab_16_Evarura_s001_alaap,carnatic_16_Evarura,carnatic,/Users/prita/Desktop/Audio Fingerprinting/afp_bench/data/queries/carnatic/ablation/carnatic_ab_16_Evarura_s001_alaap.wav,791.827,10.0,2612078698,alaap,Violin ālāp,592.898,1000.914,408.015
carnatic_ab_16_Evarura_s002_composed,carnatic_16_Evarura,carnatic,/Users/prita/Desktop/Audio Fingerprinting/afp_bench/data/queries/carnatic/ablation/carnatic_ab_16_Evarura_s002_composed.wav,1039.734,10.0,3296121890,composed,Pallavi,1000.914,1088.273,87.359
carnatic_ab_16_Evarura_s003_composed,carnatic_16_Evarura,carnatic,/Users/prita/Desktop/Audio Fingerprinting/afp_bench/data/queries/carnatic/ablation/carnatic_ab_16_Evarura_s003_composed.wav,1119.762,10.0,342271855,composed,Anupallavi,1088.273,1160.951,72.678
carnatic_ab_16_Evarura_s004_composed,carnatic_16_Evarura,carnatic,/Users/prita/Desktop/Audio Fingerprinting/afp_bench/data/queries/carnatic/ablation/carnatic_ab_16_Evarura_s004_composed.wav,1194.019,10.0,3131485977,composed,Caraṇam,1160.951,1236.648,75.697
carnatic_ab_16_Evarura_s005_tani,carnatic_16_Evarura,carnatic,/Users/prita/Desktop/Audio Fingerprinting/afp_bench/data/queries/carnatic/ablation/carnatic_ab_16_Evarura_s005_tani.wav,1993.713,10.0,3420620784,tani,Tani āvartana,1885.414,2112.087,226.673
carnatic_ab_16_Evarura_s006_composed,carnatic_16_Evarura,carnatic,/Users/prita/Desktop/Audio Fingerprinting/afp_bench/data/queries/carnatic/ablation/carnatic_ab_16_Evarura_s006_composed.wav,2132.271,10.0,3356590160,composed,Caraṇam,2112.087,2162.181,50.094
carnatic_ab_178_Muruga_Muruga_Muruga_s000_composed,carnatic_178_Muruga_Muruga_Muruga,carnatic,/Users/prita/Desktop/Audio Fingerprinting/afp_bench/data/queries/carnatic/ablation/carnatic_ab_178_Muruga_Muruga_Muruga_s000_composed.wav,56.524,10.0,3542694233,composed,Pallavi nāṭakurinji,0.859,122.286,121.427
carnatic_ab_178_Muruga_Muruga_Muruga_s001_composed,carnatic_178_Muruga_Muruga_Muruga,carnatic,/Users/prita/Desktop/Audio Fingerprinting/afp_bench/data/queries/carnatic/ablation/carnatic_ab_178_Muruga_Muruga_Muruga_s001_composed.wav,157.248,10.0,681297292,composed,Caraṇam sahānā,122.286,201.371,79.086
carnatic_ab_178_Muruga_Muruga_Muruga_s002_composed,carnatic_178_Muruga_Muruga_Muruga,carnatic,/Users/prita/Desktop/Audio Fingerprinting/afp_bench/data/queries/carnatic/ablation/carnatic_ab_178_Muruga_Muruga_Muruga_s002_composed.wav,258.36,10.0,2164040202,composed,Caraṇam bāgēśrī,201.371,325.388,124.016
carnatic_ab_178_Muruga_Muruga_Muruga_s003_composed,carnatic_178_Muruga_Muruga_Muruga,carnatic,/Users/prita/Desktop/Audio Fingerprinting/afp_bench/data/queries/carnatic/ablation/carnatic_ab_178_Muruga_Muruga_Muruga_s003_composed.wav,392.331,10.0,2357812851,composed,Caraṇam hamīr kalyāṇi,325.388,468.473,143.086
carnatic_ab_178_Muruga_Muruga_Muruga_s004_composed,carnatic_178_Muruga_Muruga_Muruga,carnatic,/Users/prita/Desktop/Audio Fingerprinting/afp_bench/data/queries/carnatic/ablation/carnatic_ab_178_Muruga_Muruga_Muruga_s004_composed.wav,534.617,10.0,3752636753,composed,Caraṇam dēś,468.473,610.629,142.155
carnatic_ab_178_Muruga_Muruga_Muruga_s005_composed,carnatic_178_Muruga_Muruga_Muruga,carnatic,/Users/prita/Desktop/Audio Fingerprinting/afp_bench/data/queries/carnatic/ablation/carnatic_ab_178_Muruga_Muruga_Muruga_s005_composed.wav,681.782,10.0,1254580866,composed,Caraṇaṁ suraṭi rāgamālika,610.629,762.122,151.494
carnatic_ab_179_Chenduril_Nindradum_Kanda_s000_composed,carnatic_179_Chenduril_Nindradum_Kanda,carnatic,/Users/prita/Desktop/Audio Fingerprinting/afp_bench/data/queries/carnatic/ablation/carnatic_ab_179_Chenduril_Nindradum_Kanda_s000_composed.wav,32.406,10.0,3641060112,composed,Pallavi,0.557,74.165,73.607
carnatic_ab_179_Chenduril_Nindradum_Kanda_s001_composed,carnatic_179_Chenduril_Nindradum_Kanda,carnatic,/Users/prita/Desktop/Audio Fingerprinting/afp_bench/data/queries/carnatic/ablation/carnatic_ab_179_Chenduril_Nindradum_Kanda_s001_composed.wav,105.413,10.0,3790457156,composed,Anupallavi,74.165,146.982,72.818
carnatic_ab_179_Chenduril_Nindradum_Kanda_s002_composed,carnatic_179_Chenduril_Nindradum_Kanda,carnatic,/Users/prita/Desktop/Audio Fingerprinting/afp_bench/data/queries/carnatic/ablation/carnatic_ab_179_Chenduril_Nindradum_Kanda_s002_composed.wav,229.617,10.0,2067278087,composed,Caraṇam,146.982,323.004,176.022
carnatic_ab_17_Eranapai_s000_alaap,carnatic_17_Eranapai,carnatic,/Users/prita/Desktop/Audio Fingerprinting/afp_bench/data/queries/carnatic/ablation/carnatic_ab_17_Eranapai_s000_alaap.wav,8.498,10.0,3490726520,alaap,Vocal ālāp,0.661,25.78,25.118
carnatic_ab_17_Eranapai_s001_composed,carnatic_17_Eranapai,carnatic,/Users/prita/Desktop/Audio Fingerprinting/afp_bench/data/queries/carnatic/ablation/carnatic_ab_17_Eranapai_s001_composed.wav,32.868,10.0,548458194,composed,Pallavi,25.78,50.212,24.433
carnatic_ab_17_Eranapai_s002_composed,carnatic_17_Eranapai,carnatic,/Users/prita/Desktop/Audio Fingerprinting/afp_bench/data/queries/carnatic/ablation/carnatic_ab_17_Eranapai_s002_composed.wav,53.686,10.0,799749776,composed,Anupallavi,50.212,68.131,17.918
carnatic_ab_17_Eranapai_s003_composed,carnatic_17_Eranapai,carnatic,/Users/prita/Desktop/Audio Fingerprinting/afp_bench/data/queries/carnatic/ablation/carnatic_ab_17_Eranapai_s003_composed.wav,100.197,10.0,2608290099,composed,Caraṇam,96.607,112.849,16.242
carnatic_ab_180_Ninne_Bhajana_s000_alaap,carnatic_180_Ninne_Bhajana,carnatic,/Users/prita/Desktop/Audio Fingerprinting/afp_bench/data/queries/carnatic/ablation/carnatic_ab_180_Ninne_Bhajana_s000_alaap.wav,16.117,10.0,2689342953,alaap,Vocal ālāp,0.215,42.91,42.696
carnatic_ab_180_Ninne_Bhajana_s001_composed,carnatic_180_Ninne_Bhajana,carnatic,/Users/prita/Desktop/Audio Fingerprinting/afp_bench/data/queries/carnatic/ablation/carnatic_ab_180_Ninne_Bhajana_s001_composed.wav,92.345,10.0,2128801218,composed,Pallavi,42.91,150.906,107.996
carnatic_ab_180_Ninne_Bhajana_s002_composed,carnatic_180_Ninne_Bhajana,carnatic,/Users/prita/Desktop/Audio Fingerprinting/afp_bench/data/queries/carnatic/ablation/carnatic_ab_180_Ninne_Bhajana_s002_composed.wav,190.94,10.0,3346803143,composed,Anupallavi,150.906,240.473,89.567
carnatic_ab_180_Ninne_Bhajana_s003_composed,carnatic_180_Ninne_Bhajana,carnatic,/Users/prita/Desktop/Audio Fingerprinting/afp_bench/data/queries/carnatic/ablation/carnatic_ab_180_Ninne_Bhajana_s003_composed.wav,279.403,10.0,2234647778,composed,Caraṇam,240.473,328.0,87.527
carnatic_ab_181_Nera_Nammiti_s000_composed,carnatic_181_Nera_Nammiti,carnatic,/Users/prita/Desktop/Audio Fingerprinting/afp_bench/data/queries/carnatic/ablation/carnatic_ab_181_Nera_Nammiti_s000_composed.wav,42.117,10.0,4238403574,composed,Pallavi,0.157,93.704,93.547
carnatic_ab_181_Nera_Nammiti_s001_composed,carnatic_181_Nera_Nammiti,carnatic,/Users/prita/Desktop/Audio Fingerprinting/afp_bench/data/queries/carnatic/ablation/carnatic_ab_181_Nera_Nammiti_s001_composed.wav,126.117,10.0,3798893569,composed,Anupallavi,93.704,168.902,75.198
carnatic_ab_181_Nera_Nammiti_s002_composed,carnatic_181_Nera_Nammiti,carnatic,/Users/prita/Desktop/Audio Fingerprinting/afp_bench/data/queries/carnatic/ablation/carnatic_ab_181_Nera_Nammiti_s002_composed.wav,297.565,10.0,2472297274,composed,Caraṇam,292.026,313.597,21.571
carnatic_ab_182_Dinamani_Vamsa_s000_alaap,carnatic_182_Dinamani_Vamsa,carnatic,/Users/prita/Desktop/Audio Fingerprinting/afp_bench/data/queries/carnatic/ablation/carnatic_ab_182_Dinamani_Vamsa_s000_alaap.wav,95.518,10.0,1465766248,alaap,Vocal ālāp,0.929,199.706,198.777
carnatic_ab_182_Dinamani_Vamsa_s001_alaap,carnatic_182_Dinamani_Vamsa,carnatic,/Users/prita/Desktop/Audio Fingerprinting/afp_bench/data/queries/carnatic/ablation/carnatic_ab_182_Dinamani_Vamsa_s001_alaap.wav,255.71,10.0,1474106793,alaap,Violin ālāp,199.706,322.432,122.726
carnatic_ab_182_Dinamani_Vamsa_s002_composed,carnatic_182_Dinamani_Vamsa,carnatic,/Users/prita/Desktop/Audio Fingerprinting/afp_bench/data/queries/carnatic/ablation/carnatic_ab_182_Dinamani_Vamsa_s002_composed.wav,389.557,10.0,4136669129,composed,Pallavi,322.432,466.396,143.964
carnatic_ab_182_Dinamani_Vamsa_s003_composed,carnatic_182_Dinamani_Vamsa,carnatic,/Users/prita/Desktop/Audio Fingerprinting/afp_bench/data/queries/carnatic/ablation/carnatic_ab_182_Dinamani_Vamsa_s003_composed.wav,537.641,10.0,2439590136,composed,Anupallavi,466.396,619.09,152.694
carnatic_ab_182_Dinamani_Vamsa_s004_composed,carnatic_182_Dinamani_Vamsa,carnatic,/Users/prita/Desktop/Audio Fingerprinting/afp_bench/data/queries/carnatic/ablation/carnatic_ab_182_Dinamani_Vamsa_s004_composed.wav,718.101,10.0,3725578190,composed,Caraṇam,619.09,826.697,207.607
carnatic_ab_183_Chakkani_Raja_s000_alaap,carnatic_183_Chakkani_Raja,carnatic,/Users/prita/Desktop/Audio Fingerprinting/afp_bench/data/queries/carnatic/ablation/carnatic_ab_183_Chakkani_Raja_s000_alaap.wav,382.3,10.0,2902614813,alaap,Vocal ālāp,0.155,773.875,773.72
carnatic_ab_183_Chakkani_Raja_s001_alaap,carnatic_183_Chakkani_Raja,carnatic,/Users/prita/Desktop/Audio Fingerprinting/afp_bench/data/queries/carnatic/ablation/carnatic_ab_183_Chakkani_Raja_s001_alaap.wav,1040.004,10.0,3224814321,alaap,Violin ālāp,773.875,1315.318,541.443
carnatic_ab_183_Chakkani_Raja_s002_composed,carnatic_183_Chakkani_Raja,carnatic,/Users/prita/Desktop/Audio Fingerprinting/afp_bench/data/queries/carnatic/ablation/carnatic_ab_183_Chakkani_Raja_s002_composed.wav,1482.686,10.0,4221158400,composed,Pallavi,1315.318,1660.227,344.909
carnatic_ab_183_Chakkani_Raja_s003_composed,carnatic_183_Chakkani_Raja,carnatic,/Users/prita/Desktop/Audio Fingerprinting/afp_bench/data/queries/carnatic/ablation/carnatic_ab_183_Chakkani_Raja_s003_composed.wav,1721.464,10.0,3138568342,composed,Anupallavi,1660.227,1792.395,132.168
carnatic_ab_183_Chakkani_Raja_s004_composed,carnatic_183_Chakkani_Raja,carnatic,/Users/prita/Desktop/Audio Fingerprinting/afp_bench/data/queries/carnatic/ablation/carnatic_ab_183_Chakkani_Raja_s004_composed.wav,1808.602,10.0,2455675376,composed,Caraṇam,1792.395,1833.958,41.564
carnatic_ab_183_Chakkani_Raja_s005_tani,carnatic_183_Chakkani_Raja,carnatic,/Users/prita/Desktop/Audio Fingerprinting/afp_bench/data/queries/carnatic/ablation/carnatic_ab_183_Chakkani_Raja_s005_tani.wav,3013.837,10.0,3744280520,tani,Tani āvartana,2947.541,3090.759,143.218
carnatic_ab_183_Chakkani_Raja_s006_composed,carnatic_183_Chakkani_Raja,carnatic,/Users/prita/Desktop/Audio Fingerprinting/afp_bench/data/queries/carnatic/ablation/carnatic_ab_183_Chakkani_Raja_s006_composed.wav,3166.389,10.0,2377754746,composed,Caraṇam,3090.759,3252.976,162.217
carnatic_ab_184_Ardhanareeshwaram_s000_alaap,carnatic_184_Ardhanareeshwaram,carnatic,/Users/prita/Desktop/Audio Fingerprinting/afp_bench/data/queries/carnatic/ablation/carnatic_ab_184_Ardhanareeshwaram_s000_alaap.wav,304.692,10.0,1740951595,alaap,Vocal ālāp,0.871,619.067,618.196
carnatic_ab_184_Ardhanareeshwaram_s001_alaap,carnatic_184_Ardhanareeshwaram,carnatic,/Users/prita/Desktop/Audio Fingerprinting/afp_bench/data/queries/carnatic/ablation/carnatic_ab_184_Ardhanareeshwaram_s001_alaap.wav,790.393,10.0,531887700,alaap,Violin ālāp,619.067,972.475,353.408
carnatic_ab_184_Ardhanareeshwaram_s002_composed,carnatic_184_Ardhanareeshwaram,carnatic,/Users/prita/Desktop/Audio Fingerprinting/afp_bench/data/queries/carnatic/ablation/carnatic_ab_184_Ardhanareeshwaram_s002_composed.wav,1021.46,10.0,2925340692,composed,Pallavi,972.475,1080.378,107.903
carnatic_ab_184_Ardhanareeshwaram_s003_composed,carnatic_184_Ardhanareeshwaram,carnatic,/Users/prita/Desktop/Audio Fingerprinting/afp_bench/data/queries/carnatic/ablation/carnatic_ab_184_Ardhanareeshwaram_s003_composed.wav,1127.02,10.0,3742346453,composed,Anupallavi,1080.378,1183.196,102.818
carnatic_ab_184_Ardhanareeshwaram_s004_composed,carnatic_184_Ardhanareeshwaram,carnatic,/Users/prita/Desktop/Audio Fingerprinting/afp_bench/data/queries/carnatic/ablation/carnatic_ab_184_Ardhanareeshwaram_s004_composed.wav,1251.375,10.0,1458486428,composed,Caraṇam,1183.196,1328.901,145.705
carnatic_ab_184_Ardhanareeshwaram_s005_composed,carnatic_184_Ardhanareeshwaram,carnatic,/Users/prita/Desktop/Audio Fingerprinting/afp_bench/data/queries/carnatic/ablation/carnatic_ab_184_Ardhanareeshwaram_s005_composed.wav,1708.914,10.0,1921781272,composed,Caraṇam,1682.889,1744.222,61.333
carnatic_ab_185_Pavamana_Suthudu_Pattu_s000_composed,carnatic_185_Pavamana_Suthudu_Pattu,carnatic,/Users/prita/Desktop/Audio Fingerprinting/afp_bench/data/queries/carnatic/ablation/carnatic_ab_185_Pavamana_Suthudu_Pattu_s000_composed.wav,36.506,10.0,1195285143,composed,Pallavi,26.302,57.6,31.298
carnatic_ab_188_Vanajaksha_Ninne_Kori_s000_composed,carnatic_188_Vanajaksha_Ninne_Kori,carnatic,/Users/prita/Desktop/Audio Fingerprinting/afp_bench/data/queries/carnatic/ablation/carnatic_ab_188_Vanajaksha_Ninne_Kori_s000_composed.wav,83.211,10.0,1598288359,composed,Pallavi,39.753,136.348,96.595
carnatic_ab_188_Vanajaksha_Ninne_Kori_s001_composed,carnatic_188_Vanajaksha_Ninne_Kori,carnatic,/Users/prita/Desktop/Audio Fingerprinting/afp_bench/data/queries/carnatic/ablation/carnatic_ab_188_Vanajaksha_Ninne_Kori_s001_composed.wav,167.454,10.0,1562098948,composed,Anupallavi,136.348,207.772,71.425
carnatic_ab_188_Vanajaksha_Ninne_Kori_s002_composed,carnatic_188_Vanajaksha_Ninne_Kori,carnatic,/Users/prita/Desktop/Audio Fingerprinting/afp_bench/data/queries/carnatic/ablation/carnatic_ab_188_Vanajaksha_Ninne_Kori_s002_composed.wav,351.374,10.0,3620063233,composed,Caraṇam,345.327,367.433,22.105
carnatic_ab_189_Karuninchutakidi_s000_composed,carnatic_189_Karuninchutakidi,carnatic,/Users/prita/Desktop/Audio Fingerprinting/afp_bench/data/queries/carnatic/ablation/carnatic_ab_189_Karuninchutakidi_s000_composed.wav,10.693,10.0,2221032820,composed,Pallavi,0.766,30.941,30.174
carnatic_ab_189_Karuninchutakidi_s001_composed,carnatic_189_Karuninchutakidi,carnatic,/Users/prita/Desktop/Audio Fingerprinting/afp_bench/data/queries/carnatic/ablation/carnatic_ab_189_Karuninchutakidi_s001_composed.wav,43.997,10.0,3402541953,composed,Anupallavi,30.941,66.188,35.248
carnatic_ab_189_Karuninchutakidi_s002_composed,carnatic_189_Karuninchutakidi,carnatic,/Users/prita/Desktop/Audio Fingerprinting/afp_bench/data/queries/carnatic/ablation/carnatic_ab_189_Karuninchutakidi_s002_composed.wav,94.137,10.0,3609607825,composed,Caraṇam,66.188,131.422,65.234
carnatic_ab_18_Parama_Purusham_s000_composed,carnatic_18_Parama_Purusham,carnatic,/Users/prita/Desktop/Audio Fingerprinting/afp_bench/data/queries/carnatic/ablation/carnatic_ab_18_Parama_Purusham_s000_composed.wav,29.504,10.0,4280463877,composed,Pallavi,1.057,68.093,67.036
carnatic_ab_18_Parama_Purusham_s001_composed,carnatic_18_Parama_Purusham,carnatic,/Users/prita/Desktop/Audio Fingerprinting/afp_bench/data/queries/carnatic/ablation/carnatic_ab_18_Parama_Purusham_s001_composed.wav,89.104,10.0,2961025821,composed,Anupallavi,68.093,120.036,51.943
carnatic_ab_18_Parama_Purusham_s002_composed,carnatic_18_Parama_Purusham,carnatic,/Users/prita/Desktop/Audio Fingerprinting/afp_bench/data/queries/carnatic/ablation/carnatic_ab_18_Parama_Purusham_s002_composed.wav,163.586,10.0,1923394419,composed,Caraṇam,120.036,216.944,96.908
carnatic_ab_190_Va_Va_Brindavana_s000_composed,carnatic_190_Va_Va_Brindavana,carnatic,/Users/prita/Desktop/Audio Fingerprinting/afp_bench/data/queries/carnatic/ablation/carnatic_ab_190_Va_Va_Brindavana_s000_composed.wav,33.163,10.0,4133847524,composed,Pallavi,0.033,75.437,75.404
carnatic_ab_190_Va_Va_Brindavana_s001_composed,carnatic_190_Va_Va_Brindavana,carnatic,/Users/prita/Desktop/Audio Fingerprinting/afp_bench/data/queries/carnatic/ablation/carnatic_ab_190_Va_Va_Brindavana_s001_composed.wav,89.117,10.0,2241037116,composed,Anupallavi,75.437,112.131,36.694
carnatic_ab_190_Va_Va_Brindavana_s002_composed,carnatic_190_Va_Va_Brindavana,carnatic,/Users/prita/Desktop/Audio Fingerprinting/afp_bench/data/queries/carnatic/ablation/carnatic_ab_190_Va_Va_Brindavana_s002_composed.wav,162.336,10.0,1891587121,composed,Caraṇam,112.131,222.72,110.589
carnatic_ab_191_Mati_Matiki_s000_alaap,carnatic_191_Mati_Matiki,carnatic,/Users/prita/Desktop/Audio Fingerprinting/afp_bench/data/queries/carnatic/ablation/carnatic_ab_191_Mati_Matiki_s000_alaap.wav,265.428,10.0,3006644207,alaap,Vocal ālāp,0.939,540.189,539.25
carnatic_ab_191_Mati_Matiki_s001_alaap,carnatic_191_Mati_Matiki,carnatic,/Users/prita/Desktop/Audio Fingerprinting/afp_bench/data/queries/carnatic/ablation/carnatic_ab_191_Mati_Matiki_s001_alaap.wav,729.797,10.0,1162390706,alaap,Violin ālāp,540.189,928.682,388.493
carnatic_ab_191_Mati_Matiki_s002_composed,carnatic_191_Mati_Matiki,carnatic,/Users/prita/Desktop/Audio Fingerprinting/afp_bench/data/queries/carnatic/ablation/carnatic_ab_191_Mati_Matiki_s002_composed.wav,997.369,10.0,3561376059,composed,Pallavi,928.682,1076.751,148.069
carnatic_ab_191_Mati_Matiki_s003_composed,carnatic_191_Mati_Matiki,carnatic,/Users/prita/Desktop/Audio Fingerprinting/afp_bench/data/queries/carnatic/ablation/carnatic_ab_191_Mati_Matiki_s003_composed.wav,1119.021,10.0,2621397391,composed,Anupallavi,1076.751,1171.307,94.556
carnatic_ab_191_Mati_Matiki_s004_composed,carnatic_191_Mati_Matiki,carnatic,/Users/prita/Desktop/Audio Fingerprinting/afp_bench/data/queries/carnatic/ablation/carnatic_ab_191_Mati_Matiki_s004_composed.wav,1238.143,10.0,3485595877,composed,Caraṇam,1171.307,1315.55,144.242
carnatic_ab_191_Mati_Matiki_s005_tani,carnatic_191_Mati_Matiki,carnatic,/Users/prita/Desktop/Audio Fingerprinting/afp_bench/data/queries/carnatic/ablation/carnatic_ab_191_Mati_Matiki_s005_tani.wav,2378.209,10.0,3041003762,tani,Tani āvartana,2168.718,2596.859,428.14
carnatic_ab_192_Sri_Guru_Na_Palitosmi_s000_composed,carnatic_192_Sri_Guru_Na_Palitosmi,carnatic,/Users/prita/Desktop/Audio Fingerprinting/afp_bench/data/queries/carnatic/ablation/carnatic_ab_192_Sri_Guru_Na_Palitosmi_s000_composed.wav,16.112,10.0,3038431997,composed,Pallavi,0.488,41.54,41.053
carnatic_ab_192_Sri_Guru_Na_Palitosmi_s001_composed,carnatic_192_Sri_Guru_Na_Palitosmi,carnatic,/Users/prita/Desktop/Audio Fingerprinting/afp_bench/data/queries/carnatic/ablation/carnatic_ab_192_Sri_Guru_Na_Palitosmi_s001_composed.wav,59.124,10.0,858240514,composed,Anupallavi,41.54,85.983,44.443
carnatic_ab_192_Sri_Guru_Na_Palitosmi_s002_composed,carnatic_192_Sri_Guru_Na_Palitosmi,carnatic,/Users/prita/Desktop/Audio Fingerprinting/afp_bench/data/queries/carnatic/ablation/carnatic_ab_192_Sri_Guru_Na_Palitosmi_s002_composed.wav,130.918,10.0,787005699,composed,Caraṇam,85.983,185.388,99.405
carnatic_ab_193_Thoomani_Madatthu_s000_composed,carnatic_193_Thoomani_Madatthu,carnatic,/Users/prita/Desktop/Audio Fingerprinting/afp_bench/data/queries/carnatic/ablation/carnatic_ab_193_Thoomani_Madatthu_s000_composed.wav,32.695,10.0,903262829,composed,Pallavi,0.0,74.939,74.939
carnatic_ab_193_Thoomani_Madatthu_s001_composed,carnatic_193_Thoomani_Madatthu,carnatic,/Users/prita/Desktop/Audio Fingerprinting/afp_bench/data/queries/carnatic/ablation/carnatic_ab_193_Thoomani_Madatthu_s001_composed.wav,97.722,10.0,2183186214,composed,Caraṇam,74.939,129.959,55.02
carnatic_ab_193_Thoomani_Madatthu_s002_composed,carnatic_193_Thoomani_Madatthu,carnatic,/Users/prita/Desktop/Audio Fingerprinting/afp_bench/data/queries/carnatic/ablation/carnatic_ab_193_Thoomani_Madatthu_s002_composed.wav,196.408,10.0,2364745462,composed,Caraṇam,129.959,271.909,141.949
carnatic_ab_194_Ramabhi_Rama_Manasu_s000_alaap,carnatic_194_Ramabhi_Rama_Manasu,carnatic,/Users/prita/Desktop/Audio Fingerprinting/afp_bench/data/queries/carnatic/ablation/carnatic_ab_194_Ramabhi_Rama_Manasu_s000_alaap.wav,272.736,10.0,2475457298,alaap,Vocal ālāp,0.824,555.037,554.212
carnatic_ab_194_Ramabhi_Rama_Manasu_s001_alaap,carnatic_194_Ramabhi_Rama_Manasu,carnatic,/Users/prita/Desktop/Audio Fingerprinting/afp_bench/data/queries/carnatic/ablation/carnatic_ab_194_Ramabhi_Rama_Manasu_s001_alaap.wav,692.781,10.0,104977276,alaap,Violin ālāp,555.037,840.191,285.154
carnatic_ab_194_Ramabhi_Rama_Manasu_s002_composed,carnatic_194_Ramabhi_Rama_Manasu,carnatic,/Users/prita/Desktop/Audio Fingerprinting/afp_bench/data/queries/carnatic/ablation/carnatic_ab_194_Ramabhi_Rama_Manasu_s002_composed.wav,868.288,10.0,790875716,composed,Pallavi,840.191,905.584,65.393
carnatic_ab_194_Ramabhi_Rama_Manasu_s003_composed,carnatic_194_Ramabhi_Rama_Manasu,carnatic,/Users/prita/Desktop/Audio Fingerprinting/afp_bench/data/queries/carnatic/ablation/carnatic_ab_194_Ramabhi_Rama_Manasu_s003_composed.wav,946.276,10.0,1970524493,composed,Anupallavi,905.584,997.029,91.445
carnatic_ab_194_Ramabhi_Rama_Manasu_s004_composed,carnatic_194_Ramabhi_Rama_Manasu,carnatic,/Users/prita/Desktop/Audio Fingerprinting/afp_bench/data/queries/carnatic/ablation/carnatic_ab_194_Ramabhi_Rama_Manasu_s004_composed.wav,1068.387,10.0,2393482710,composed,Caraṇam,997.029,1149.11,152.082
carnatic_ab_196_Sri_Vidhya_Rajagopala_s000_composed,carnatic_196_Sri_Vidhya_Rajagopala,carnatic,/Users/prita/Desktop/Audio Fingerprinting/afp_bench/data/queries/carnatic/ablation/carnatic_ab_196_Sri_Vidhya_Rajagopala_s000_composed.wav,41.637,10.0,598162453,composed,Pallavi,1.355,91.722,90.367
carnatic_ab_196_Sri_Vidhya_Rajagopala_s001_composed,carnatic_196_Sri_Vidhya_Rajagopala,carnatic,/Users/prita/Desktop/Audio Fingerprinting/afp_bench/data/queries/carnatic/ablation/carnatic_ab_196_Sri_Vidhya_Rajagopala_s001_composed.wav,173.766,10.0,1515938489,composed,Anupallavi,91.722,266.684,174.962
carnatic_ab_19_Marubari_s000_alaap,carnatic_19_Marubari,carnatic,/Users/prita/Desktop/Audio Fingerprinting/afp_bench/data/queries/carnatic/ablation/carnatic_ab_19_Marubari_s000_alaap.wav,18.518,10.0,3534918935,alaap,Vocal ālāp,0.865,46.98,46.114
carnatic_ab_19_Marubari_s001_composed,carnatic_19_Marubari,carnatic,/Users/prita/Desktop/Audio Fingerprinting/afp_bench/data/queries/carnatic/ablation/carnatic_ab_19_Marubari_s001_composed.wav,89.903,10.0,412472087,composed,Pallavi,46.98,142.367,95.388
carnatic_ab_19_Marubari_s002_composed,carnatic_19_Marubari,carnatic,/Users/prita/Desktop/Audio Fingerprinting/afp_bench/data/queries/carnatic/ablation/carnatic_ab_19_Marubari_s002_composed.wav,166.065,10.0,3283820732,composed,Caraṇam,142.367,200.359,57.992
carnatic_ab_19_Marubari_s003_composed,carnatic_19_Marubari,carnatic,/Users/prita/Desktop/Audio Fingerprinting/afp_bench/data/queries/carnatic/ablation/carnatic_ab_19_Marubari_s003_composed.wav,230.861,10.0,1981893,composed,Caraṇam,200.359,271.047,70.687
carnatic_ab_20_Aparadhamula_s000_alaap,carnatic_20_Aparadhamula,carnatic,/Users/prita/Desktop/Audio Fingerprinting/afp_bench/data/queries/carnatic/ablation/carnatic_ab_20_Aparadhamula_s000_alaap.wav,226.202,10.0,3295907822,alaap,Vocal ālāp,1.707,460.498,458.791
carnatic_ab_20_Aparadhamula_s001_alaap,carnatic_20_Aparadhamula,carnatic,/Users/prita/Desktop/Audio Fingerprinting/afp_bench/data/queries/carnatic/ablation/carnatic_ab_20_Aparadhamula_s001_alaap.wav,614.079,10.0,1973271522,alaap,Violin ālāp,460.498,777.706,317.208
carnatic_ab_20_Aparadhamula_s002_composed,carnatic_20_Aparadhamula,carnatic,/Users/prita/Desktop/Audio Fingerprinting/afp_bench/data/queries/carnatic/ablation/carnatic_ab_20_Aparadhamula_s002_composed.wav,800.234,10.0,1527044683,composed,Pallavi,777.706,832.923,55.217
carnatic_ab_20_Aparadhamula_s003_composed,carnatic_20_Aparadhamula,carnatic,/Users/prita/Desktop/Audio Fingerprinting/afp_bench/data/queries/carnatic/ablation/carnatic_ab_20_Aparadhamula_s003_composed.wav,867.597,10.0,3066876751,composed,Anupallavi,832.923,912.103,79.18
carnatic_ab_20_Aparadhamula_s004_composed,carnatic_20_Aparadhamula,carnatic,/Users/prita/Desktop/Audio Fingerprinting/afp_bench/data/queries/carnatic/ablation/carnatic_ab_20_Aparadhamula_s004_composed.wav,920.664,10.0,2805355211,composed,Caraṇam,912.103,938.318,26.215
carnatic_ab_20_Aparadhamula_s005_composed,carnatic_20_Aparadhamula,carnatic,/Users/prita/Desktop/Audio Fingerprinting/afp_bench/data/queries/carnatic/ablation/carnatic_ab_20_Aparadhamula_s005_composed.wav,1473.591,10.0,3759992577,composed,Caraṇam,1432.369,1523.984,91.614
carnatic_ab_222_Madhava_Mamava_s000_composed,carnatic_222_Madhava_Mamava,carnatic,/Users/prita/Desktop/Audio Fingerprinting/afp_bench/data/queries/carnatic/ablation/carnatic_ab_222_Madhava_Mamava_s000_composed.wav,40.241,10.0,3441365592,composed,Pallavi,2.318,88.678,86.359
carnatic_ab_222_Madhava_Mamava_s001_composed,carnatic_222_Madhava_Mamava,carnatic,/Users/prita/Desktop/Audio Fingerprinting/afp_bench/data/queries/carnatic/ablation/carnatic_ab_222_Madhava_Mamava_s001_composed.wav,118.681,10.0,1579911102,composed,Anupallavi,88.678,158.571,69.894
carnatic_ab_222_Madhava_Mamava_s002_composed,carnatic_222_Madhava_Mamava,carnatic,/Users/prita/Desktop/Audio Fingerprinting/afp_bench/data/queries/carnatic/ablation/carnatic_ab_222_Madhava_Mamava_s002_composed.wav,224.689,10.0,1423677685,composed,Caraṇam,158.571,301.688,143.117
carnatic_ab_223_Ramachandraya_Mangalam_s000_composed,carnatic_223_Ramachandraya_Mangalam,carnatic,/Users/prita/Desktop/Audio Fingerprinting/afp_bench/data/queries/carnatic/ablation/carnatic_ab_223_Ramachandraya_Mangalam_s000_composed.wav,3.713,10.0,469473227,composed,Pallavi,0.104,16.858,16.753
carnatic_ab_223_Ramachandraya_Mangalam_s001_composed,carnatic_223_Ramachandraya_Mangalam,carnatic,/Users/prita/Desktop/Audio Fingerprinting/afp_bench/data/queries/carnatic/ablation/carnatic_ab_223_Ramachandraya_Mangalam_s001_composed.wav,20.526,10.0,3628969519,composed,Caraṇam,16.858,33.57,16.713
carnatic_ab_223_Ramachandraya_Mangalam_s002_composed,carnatic_223_Ramachandraya_Mangalam,carnatic,/Users/prita/Desktop/Audio Fingerprinting/afp_bench/data/queries/carnatic/ablation/carnatic_ab_223_Ramachandraya_Mangalam_s002_composed.wav,37.226,10.0,979707851,composed,Caraṇam,33.57,50.091,16.521
carnatic_ab_223_Ramachandraya_Mangalam_s003_composed,carnatic_223_Ramachandraya_Mangalam,carnatic,/Users/prita/Desktop/Audio Fingerprinting/afp_bench/data/queries/carnatic/ablation/carnatic_ab_223_Ramachandraya_Mangalam_s003_composed.wav,65.089,10.0,64336512,composed,Caraṇam,50.091,90.828,40.737
carnatic_ab_224_Sapasyat_Kausalya_s000_composed,carnatic_224_Sapasyat_Kausalya,carnatic,/Users/prita/Desktop/Audio Fingerprinting/afp_bench/data/queries/carnatic/ablation/carnatic_ab_224_Sapasyat_Kausalya_s000_composed.wav,28.318,10.0,1864263268,composed,Pallavi,0.792,65.673,64.882
carnatic_ab_224_Sapasyat_Kausalya_s001_composed,carnatic_224_Sapasyat_Kausalya,carnatic,/Users/prita/Desktop/Audio Fingerprinting/afp_bench/data/queries/carnatic/ablation/carnatic_ab_224_Sapasyat_Kausalya_s001_composed.wav,92.594,10.0,3889929839,composed,Caraṇam,65.673,130.294,64.62
carnatic_ab_224_Sapasyat_Kausalya_s002_composed,carnatic_224_Sapasyat_Kausalya,carnatic,/Users/prita/Desktop/Audio Fingerprinting/afp_bench/data/queries/carnatic/ablation/carnatic_ab_224_Sapasyat_Kausalya_s002_composed.wav,156.277,10.0,2463280438,composed,Caraṇam,130.294,191.371,61.078
carnatic_ab_224_Sapasyat_Kausalya_s003_composed,carnatic_224_Sapasyat_Kausalya,carnatic,/Users/prita/Desktop/Audio Fingerprinting/afp_bench/data/queries/carnatic/ablation/carnatic_ab_224_Sapasyat_Kausalya_s003_composed.wav,236.242,10.0,1371612176,composed,Caraṇam,191.371,291.135,99.763
carnatic_ab_225_Seetapati_Namanasuna_s000_composed,carnatic_225_Seetapati_Namanasuna,carnatic,/Users/prita/Desktop/Audio Fingerprinting/afp_bench/data/queries/carnatic/ablation/carnatic_ab_225_Seetapati_Namanasuna_s000_composed.wav,32.695,10.0,1013548976,composed,Pallavi,0.877,75.053,74.176
carnatic_ab_225_Seetapati_Namanasuna_s001_composed,carnatic_225_Seetapati_Namanasuna,carnatic,/Users/prita/Desktop/Audio Fingerprinting/afp_bench/data/queries/carnatic/ablation/carnatic_ab_225_Seetapati_Namanasuna_s001_composed.wav,113.816,10.0,2264868832,composed,Anupallavi,75.053,162.232,87.179
carnatic_ab_225_Seetapati_Namanasuna_s002_composed,carnatic_225_Seetapati_Namanasuna,carnatic,/Users/prita/Desktop/Audio Fingerprinting/afp_bench/data/queries/carnatic/ablation/carnatic_ab_225_Seetapati_Namanasuna_s002_composed.wav,185.496,10.0,630903508,composed,Caraṇam,162.232,219.069,56.837
carnatic_ab_225_Seetapati_Namanasuna_s003_composed,carnatic_225_Seetapati_Namanasuna,carnatic,/Users/prita/Desktop/Audio Fingerprinting/afp_bench/data/queries/carnatic/ablation/carnatic_ab_225_Seetapati_Namanasuna_s003_composed.wav,628.11,10.0,1372532162,composed,Caraṇam,577.127,689.058,111.931
carnatic_ab_226_Karunimpa_Idi_s000_composed,carnatic_226_Karunimpa_Idi,carnatic,/Users/prita/Desktop/Audio Fingerprinting/afp_bench/data/queries/carnatic/ablation/carnatic_ab_226_Karunimpa_Idi_s000_composed.wav,21.516,10.0,1074173884,composed,Pallavi,0.772,51.902,51.13
carnatic_ab_226_Karunimpa_Idi_s001_composed,carnatic_226_Karunimpa_Idi,carnatic,/Users/prita/Desktop/Audio Fingerprinting/afp_bench/data/queries/carnatic/ablation/carnatic_ab_226_Karunimpa_Idi_s001_composed.wav,61.914,10.0,1289092447,composed,Anupallavi,51.902,82.35,30.447
carnatic_ab_226_Karunimpa_Idi_s002_composed,carnatic_226_Karunimpa_Idi,carnatic,/Users/prita/Desktop/Audio Fingerprinting/afp_bench/data/queries/carnatic/ablation/carnatic_ab_226_Karunimpa_Idi_s002_composed.wav,172.561,10.0,3705013454,composed,Caraṇam,163.172,191.512,28.34
carnatic_ab_227_Endaro_Mahanubhavulu_s000_alaap,carnatic_227_Endaro_Mahanubhavulu,carnatic,/Users/prita/Desktop/Audio Fingerprinting/afp_bench/data/queries/carnatic/ablation/carnatic_ab_227_Endaro_Mahanubhavulu_s000_alaap.wav,26.444,10.0,2778762600,alaap,Vocal ālāp,0.78,62.073,61.294
carnatic_ab_227_Endaro_Mahanubhavulu_s001_composed,carnatic_227_Endaro_Mahanubhavulu,carnatic,/Users/prita/Desktop/Audio Fingerprinting/afp_bench/data/queries/carnatic/ablation/carnatic_ab_227_Endaro_Mahanubhavulu_s001_composed.wav,118.511,10.0,4183686289,composed,Pallavi,62.073,185.376,123.302
carnatic_ab_227_Endaro_Mahanubhavulu_s002_composed,carnatic_227_Endaro_Mahanubhavulu,carnatic,/Users/prita/Desktop/Audio Fingerprinting/afp_bench/data/queries/carnatic/ablation/carnatic_ab_227_Endaro_Mahanubhavulu_s002_composed.wav,238.009,10.0,747737076,composed,Anupallavi,185.376,300.265,114.89
carnatic_ab_227_Endaro_Mahanubhavulu_s003_composed,carnatic_227_Endaro_Mahanubhavulu,carnatic,/Users/prita/Desktop/Audio Fingerprinting/afp_bench/data/queries/carnatic/ablation/carnatic_ab_227_Endaro_Mahanubhavulu_s003_composed.wav,538.655,10.0,3777865346,composed,Caraṇam,300.265,787.148,486.882
carnatic_ab_228_Bhogeendra_Shayinam_s000_composed,carnatic_228_Bhogeendra_Shayinam,carnatic,/Users/prita/Desktop/Audio Fingerprinting/afp_bench/data/queries/carnatic/ablation/carnatic_ab_228_Bhogeendra_Shayinam_s000_composed.wav,29.284,10.0,3109528017,composed,Pallavi,0.8,67.698,66.898
carnatic_ab_228_Bhogeendra_Shayinam_s001_composed,carnatic_228_Bhogeendra_Shayinam,carnatic,/Users/prita/Desktop/Audio Fingerprinting/afp_bench/data/queries/carnatic/ablation/carnatic_ab_228_Bhogeendra_Shayinam_s001_composed.wav,104.246,10.0,585923831,composed,Anupallavi,67.698,149.943,82.245
carnatic_ab_228_Bhogeendra_Shayinam_s002_composed,carnatic_228_Bhogeendra_Shayinam,carnatic,/Users/prita/Desktop/Audio Fingerprinting/afp_bench/data/queries/carnatic/ablation/carnatic_ab_228_Bhogeendra_Shayinam_s002_composed.wav,205.893,10.0,2348918611,composed,Caraṇam,149.943,272.144,122.201
carnatic_ab_229_Thillana_Senchurutti_s000_composed,carnatic_229_Thillana_Senchurutti,carnatic,/Users/prita/Desktop/Audio Fingerprinting/afp_bench/data/queries/carnatic/ablation/carnatic_ab_229_Thillana_Senchurutti_s000_composed.wav,34.754,10.0,778399554,composed,Pallavi,2.727,77.682,74.955
carnatic_ab_229_Thillana_Senchurutti_s001_composed,carnatic_229_Thillana_Senchurutti,carnatic,/Users/prita/Desktop/Audio Fingerprinting/afp_bench/data/queries/carnatic/ablation/carnatic_ab_229_Thillana_Senchurutti_s001_composed.wav,100.982,10.0,2374289057,composed,Anupallavi,77.682,135.216,57.535
carnatic_ab_229_Thillana_Senchurutti_s002_composed,carnatic_229_Thillana_Senchurutti,carnatic,/Users/prita/Desktop/Audio Fingerprinting/afp_bench/data/queries/carnatic/ablation/carnatic_ab_229_Thillana_Senchurutti_s002_composed.wav,149.693,10.0,881201681,composed,Caraṇam,135.216,173.322,38.106
carnatic_ab_229_Thillana_Senchurutti_s003_composed,carnatic_229_Thillana_Senchurutti,carnatic,/Users/prita/Desktop/Audio Fingerprinting/afp_bench/data/queries/carnatic/ablation/carnatic_ab_229_Thillana_Senchurutti_s003_composed.wav,188.77,10.0,2594363653,composed,Anupallavi,182.514,204.359,21.845
carnatic_ab_229_Thillana_Senchurutti_s004_composed,carnatic_229_Thillana_Senchurutti,carnatic,/Users/prita/Desktop/Audio Fingerprinting/afp_bench/data/queries/carnatic/ablation/carnatic_ab_229_Thillana_Senchurutti_s004_composed.wav,215.439,10.0,2264209186,composed,Pallavi,204.359,235.657,31.298
carnatic_ab_22_Hiranmayeem_Lakshmeem_s000_composed,carnatic_22_Hiranmayeem_Lakshmeem,carnatic,/Users/prita/Desktop/Audio Fingerprinting/afp_bench/data/queries/carnatic/ablation/carnatic_ab_22_Hiranmayeem_Lakshmeem_s000_composed.wav,49.886,10.0,1200742104,composed,Pallavi,1.173,109.157,107.984
carnatic_ab_22_Hiranmayeem_Lakshmeem_s001_composed,carnatic_22_Hiranmayeem_Lakshmeem,carnatic,/Users/prita/Desktop/Audio Fingerprinting/afp_bench/data/queries/carnatic/ablation/carnatic_ab_22_Hiranmayeem_Lakshmeem_s001_composed.wav,153.26,10.0,220545844,composed,Anupallavi,109.157,208.213,99.056
carnatic_ab_22_Hiranmayeem_Lakshmeem_s002_composed,carnatic_22_Hiranmayeem_Lakshmeem,carnatic,/Users/prita/Desktop/Audio Fingerprinting/afp_bench/data/queries/carnatic/ablation/carnatic_ab_22_Hiranmayeem_Lakshmeem_s002_composed.wav,323.969,10.0,378410584,composed,Caraṇam,208.213,449.071,240.858
carnatic_ab_230_Chintayama_Kanda_s000_composed,carnatic_230_Chintayama_Kanda,carnatic,/Users/prita/Desktop/Audio Fingerprinting/afp_bench/data/queries/carnatic/ablation/carnatic_ab_230_Chintayama_Kanda_s000_composed.wav,61.735,10.0,3824590280,composed,Pallavi,0.058,133.433,133.375
carnatic_ab_230_Chintayama_Kanda_s001_composed,carnatic_230_Chintayama_Kanda,carnatic,/Users/prita/Desktop/Audio Fingerprinting/afp_bench/data/queries/carnatic/ablation/carnatic_ab_230_Chintayama_Kanda_s001_composed.wav,188.936,10.0,350836770,composed,Anupallavi,133.433,254.8,121.367
carnatic_ab_230_Chintayama_Kanda_s002_composed,carnatic_230_Chintayama_Kanda,carnatic,/Users/prita/Desktop/Audio Fingerprinting/afp_bench/data/queries/carnatic/ablation/carnatic_ab_230_Chintayama_Kanda_s002_composed.wav,275.963,10.0,1533428698,composed,Caraṇam,254.8,307.004,52.204
carnatic_ab_230_Chintayama_Kanda_s003_composed,carnatic_230_Chintayama_Kanda,carnatic,/Users/prita/Desktop/Audio Fingerprinting/afp_bench/data/queries/carnatic/ablation/carnatic_ab_230_Chintayama_Kanda_s003_composed.wav,1108.965,10.0,3988438218,composed,Caraṇam,1045.608,1182.485,136.877
carnatic_ab_231_Emani_Migula_s000_alaap,carnatic_231_Emani_Migula,carnatic,/Users/prita/Desktop/Audio Fingerprinting/afp_bench/data/queries/carnatic/ablation/carnatic_ab_231_Emani_Migula_s000_alaap.wav,210.172,10.0,833356246,alaap,Vocal ālāp,1.151,430.065,428.914
carnatic_ab_231_Emani_Migula_s001_alaap,carnatic_231_Emani_Migula,carnatic,/Users/prita/Desktop/Audio Fingerprinting/afp_bench/data/queries/carnatic/ablation/carnatic_ab_231_Emani_Migula_s001_alaap.wav,587.39,10.0,2601156654,alaap,Violin ālāp,430.065,755.004,324.939
carnatic_ab_231_Emani_Migula_s002_composed,carnatic_231_Emani_Migula,carnatic,/Users/prita/Desktop/Audio Fingerprinting/afp_bench/data/queries/carnatic/ablation/carnatic_ab_231_Emani_Migula_s002_composed.wav,801.867,10.0,4289866817,composed,Pallavi,755.004,859.396,104.392
carnatic_ab_231_Emani_Migula_s003_composed,carnatic_231_Emani_Migula,carnatic,/Users/prita/Desktop/Audio Fingerprinting/afp_bench/data/queries/carnatic/ablation/carnatic_ab_231_Emani_Migula_s003_composed.wav,944.9,10.0,4127759740,composed,Anupallavi,859.396,1040.457,181.061
carnatic_ab_231_Emani_Migula_s004_composed,carnatic_231_Emani_Migula,carnatic,/Users/prita/Desktop/Audio Fingerprinting/afp_bench/data/queries/carnatic/ablation/carnatic_ab_231_Emani_Migula_s004_composed.wav,1134.205,10.0,292551882,composed,Caraṇam,1040.457,1238.805,198.348
carnatic_ab_232_Saraguna_Palimpa_s000_alaap,carnatic_232_Saraguna_Palimpa,carnatic,/Users/prita/Desktop/Audio Fingerprinting/afp_bench/data/queries/carnatic/ablation/carnatic_ab_232_Saraguna_Palimpa_s000_alaap.wav,208.931,10.0,3263743008,alaap,Vocal ālāp,0.98,426.416,425.437
carnatic_ab_232_Saraguna_Palimpa_s001_alaap,carnatic_232_Saraguna_Palimpa,carnatic,/Users/prita/Desktop/Audio Fingerprinting/afp_bench/data/queries/carnatic/ablation/carnatic_ab_232_Saraguna_Palimpa_s001_alaap.wav,579.199,10.0,251480055,alaap,Violin ālāp,426.416,742.612,316.196
carnatic_ab_232_Saraguna_Palimpa_s002_composed,carnatic_232_Saraguna_Palimpa,carnatic,/Users/prita/Desktop/Audio Fingerprinting/afp_bench/data/queries/carnatic/ablation/carnatic_ab_232_Saraguna_Palimpa_s002_composed.wav,796.121,10.0,1662116434,composed,Anupallavi,742.612,859.543,116.931
carnatic_ab_232_Saraguna_Palimpa_s003_composed,carnatic_232_Saraguna_Palimpa,carnatic,/Users/prita/Desktop/Audio Fingerprinting/afp_bench/data/queries/carnatic/ablation/carnatic_ab_232_Saraguna_Palimpa_s003_composed.wav,936.548,10.0,133730635,composed,Pallavi,918.922,963.91,44.988
carnatic_ab_232_Saraguna_Palimpa_s004_composed,carnatic_232_Saraguna_Palimpa,carnatic,/Users/prita/Desktop/Audio Fingerprinting/afp_bench/data/queries/carnatic/ablation/carnatic_ab_232_Saraguna_Palimpa_s004_composed.wav,981.609,10.0,2817789398,composed,Caraṇam,963.91,1009.551,45.641
carnatic_ab_232_Saraguna_Palimpa_s005_tani,carnatic_232_Saraguna_Palimpa,carnatic,/Users/prita/Desktop/Audio Fingerprinting/afp_bench/data/queries/carnatic/ablation/carnatic_ab_232_Saraguna_Palimpa_s005_tani.wav,1960.19,10.0,590800963,tani,Tani āvartana,1695.233,2235.502,540.269
carnatic_ab_232_Saraguna_Palimpa_s006_composed,carnatic_232_Saraguna_Palimpa,carnatic,/Users/prita/Desktop/Audio Fingerprinting/afp_bench/data/queries/carnatic/ablation/carnatic_ab_232_Saraguna_Palimpa_s006_composed.wav,2303.591,10.0,2955526867,composed,Caraṇam,2235.502,2382.184,146.682
carnatic_ab_233_Nadatanum_Anisham_s000_composed,carnatic_233_Nadatanum_Anisham,carnatic,/Users/prita/Desktop/Audio Fingerprinting/afp_bench/data/queries/carnatic/ablation/carnatic_ab_233_Nadatanum_Anisham_s000_composed.wav,39.015,10.0,4248134896,composed,Pallavi,6.792,81.347,74.555
carnatic_ab_233_Nadatanum_Anisham_s001_composed,carnatic_233_Nadatanum_Anisham,carnatic,/Users/prita/Desktop/Audio Fingerprinting/afp_bench/data/queries/carnatic/ablation/carnatic_ab_233_Nadatanum_Anisham_s001_composed.wav,110.948,10.0,2197100134,composed,Anupallavi,81.347,150.996,69.649
carnatic_ab_233_Nadatanum_Anisham_s002_composed,carnatic_233_Nadatanum_Anisham,carnatic,/Users/prita/Desktop/Audio Fingerprinting/afp_bench/data/queries/carnatic/ablation/carnatic_ab_233_Nadatanum_Anisham_s002_composed.wav,197.098,10.0,852685006,composed,Caraṇam,150.996,252.839,101.843
carnatic_ab_234_Seethamma_s000_composed,carnatic_234_Seethamma,carnatic,/Users/prita/Desktop/Audio Fingerprinting/afp_bench/data/queries/carnatic/ablation/carnatic_ab_234_Seethamma_s000_composed.wav,27.772,10.0,1218104445,composed,Pallavi,2.757,62.057,59.3
carnatic_ab_234_Seethamma_s001_composed,carnatic_234_Seethamma,carnatic,/Users/prita/Desktop/Audio Fingerprinting/afp_bench/data/queries/carnatic/ablation/carnatic_ab_234_Seethamma_s001_composed.wav,110.009,10.0,3319240113,composed,Anupallavi,62.057,167.429,105.371
carnatic_ab_234_Seethamma_s002_composed,carnatic_234_Seethamma,carnatic,/Users/prita/Desktop/Audio Fingerprinting/afp_bench/data/queries/carnatic/ablation/carnatic_ab_234_Seethamma_s002_composed.wav,228.026,10.0,386733342,composed,Caraṇam,167.429,299.102,131.673
carnatic_ab_235_Janakipathe_Jaya_Karunya_Jaladhe_s000_alaap,carnatic_235_Janakipathe_Jaya_Karunya_Jaladhe,carnatic,/Users/prita/Desktop/Audio Fingerprinting/afp_bench/data/queries/carnatic/ablation/carnatic_ab_235_Janakipathe_Jaya_Karunya_Jaladhe_s000_alaap.wav,351.135,10.0,2846430801,alaap,Vocal ālāp,3.2,710.008,706.808
carnatic_ab_235_Janakipathe_Jaya_Karunya_Jaladhe_s001_alaap,carnatic_235_Janakipathe_Jaya_Karunya_Jaladhe,carnatic,/Users/prita/Desktop/Audio Fingerprinting/afp_bench/data/queries/carnatic/ablation/carnatic_ab_235_Janakipathe_Jaya_Karunya_Jaladhe_s001_alaap.wav,912.214,10.0,3982957732,alaap,Violin ālāp,710.008,1125.159,415.151
carnatic_ab_235_Janakipathe_Jaya_Karunya_Jaladhe_s002_composed,carnatic_235_Janakipathe_Jaya_Karunya_Jaladhe,carnatic,/Users/prita/Desktop/Audio Fingerprinting/afp_bench/data/queries/carnatic/ablation/carnatic_ab_235_Janakipathe_Jaya_Karunya_Jaladhe_s002_composed.wav,1192.128,10.0,2217771255,composed,Pallavi,1125.159,1269.322,144.163
carnatic_ab_235_Janakipathe_Jaya_Karunya_Jaladhe_s003_composed,carnatic_235_Janakipathe_Jaya_Karunya_Jaladhe,carnatic,/Users/prita/Desktop/Audio Fingerprinting/afp_bench/data/queries/carnatic/ablation/carnatic_ab_235_Janakipathe_Jaya_Karunya_Jaladhe_s003_composed.wav,1316.713,10.0,2551792324,composed,Anupallavi,1269.322,1375.068,105.746
carnatic_ab_235_Janakipathe_Jaya_Karunya_Jaladhe_s004_composed,carnatic_235_Janakipathe_Jaya_Karunya_Jaladhe,carnatic,/Users/prita/Desktop/Audio Fingerprinting/afp_bench/data/queries/carnatic/ablation/carnatic_ab_235_Janakipathe_Jaya_Karunya_Jaladhe_s004_composed.wav,1458.908,10.0,3852750959,composed,Caraṇam,1375.068,1552.161,177.093
carnatic_ab_235_Janakipathe_Jaya_Karunya_Jaladhe_s005_tani,carnatic_235_Janakipathe_Jaya_Karunya_Jaladhe,carnatic,/Users/prita/Desktop/Audio Fingerprinting/afp_bench/data/queries/carnatic/ablation/carnatic_ab_235_Janakipathe_Jaya_Karunya_Jaladhe_s005_tani.wav,2351.683,10.0,657271084,tani,Tani āvartana,2172.408,2541.845,369.437
carnatic_ab_236_Eppadi_Padinaro_s000_composed,carnatic_236_Eppadi_Padinaro,carnatic,/Users/prita/Desktop/Audio Fingerprinting/afp_bench/data/queries/carnatic/ablation/carnatic_ab_236_Eppadi_Padinaro_s000_composed.wav,37.939,10.0,1421688410,composed,Pallavi,2.718,82.327,79.608
carnatic_ab_236_Eppadi_Padinaro_s001_composed,carnatic_236_Eppadi_Padinaro,carnatic,/Users/prita/Desktop/Audio Fingerprinting/afp_bench/data/queries/carnatic/ablation/carnatic_ab_236_Eppadi_Padinaro_s001_composed.wav,119.479,10.0,2487626476,composed,Anupallavi,82.327,166.196,83.869
carnatic_ab_236_Eppadi_Padinaro_s002_composed,carnatic_236_Eppadi_Padinaro,carnatic,/Users/prita/Desktop/Audio Fingerprinting/afp_bench/data/queries/carnatic/ablation/carnatic_ab_236_Eppadi_Padinaro_s002_composed.wav,223.463,10.0,1435856494,composed,Caraṇam,166.196,291.03,124.834
carnatic_ab_237_Manasaramathi_s000_alaap,carnatic_237_Manasaramathi,carnatic,/Users/prita/Desktop/Audio Fingerprinting/afp_bench/data/queries/carnatic/ablation/carnatic_ab_237_Manasaramathi_s000_alaap.wav,228.104,10.0,4116607205,alaap,Vocal ālāp,5.201,460.823,455.622
carnatic_ab_237_Manasaramathi_s001_alaap,carnatic_237_Manasaramathi,carnatic,/Users/prita/Desktop/Audio Fingerprinting/afp_bench/data/queries/carnatic/ablation/carnatic_ab_237_Manasaramathi_s001_alaap.wav,616.402,10.0,3499721280,alaap,Violin ālāp,460.823,782.814,321.991
carnatic_ab_237_Manasaramathi_s002_composed,carnatic_237_Manasaramathi,carnatic,/Users/prita/Desktop/Audio Fingerprinting/afp_bench/data/queries/carnatic/ablation/carnatic_ab_237_Manasaramathi_s002_composed.wav,824.883,10.0,1676568764,composed,Pallavi,782.814,876.402,93.588
carnatic_ab_237_Manasaramathi_s003_composed,carnatic_237_Manasaramathi,carnatic,/Users/prita/Desktop/Audio Fingerprinting/afp_bench/data/queries/carnatic/ablation/carnatic_ab_237_Manasaramathi_s003_composed.wav,915.905,10.0,645128608,composed,Anupallavi,876.402,965.915,89.513
carnatic_ab_237_Manasaramathi_s004_composed,carnatic_237_Manasaramathi,carnatic,/Users/prita/Desktop/Audio Fingerprinting/afp_bench/data/queries/carnatic/ablation/carnatic_ab_237_Manasaramathi_s004_composed.wav,1019.245,10.0,1681592679,composed,Caraṇam,965.915,1082.7,116.785
carnatic_ab_238_Tillana_s000_composed,carnatic_238_Tillana,carnatic,/Users/prita/Desktop/Audio Fingerprinting/afp_bench/data/queries/carnatic/ablation/carnatic_ab_238_Tillana_s000_composed.wav,24.305,10.0,29205029,composed,Pallavi,0.25,58.204,57.954
carnatic_ab_238_Tillana_s001_composed,carnatic_238_Tillana,carnatic,/Users/prita/Desktop/Audio Fingerprinting/afp_bench/data/queries/carnatic/ablation/carnatic_ab_238_Tillana_s001_composed.wav,83.192,10.0,2043024005,composed,Anupallavi,58.204,119.069,60.865
carnatic_ab_238_Tillana_s002_composed,carnatic_238_Tillana,carnatic,/Users/prita/Desktop/Audio Fingerprinting/afp_bench/data/queries/carnatic/ablation/carnatic_ab_238_Tillana_s002_composed.wav,136.703,10.0,933215666,composed,Caraṇam,119.069,164.698,45.629
carnatic_ab_239_Bhavamulona_s000_composed,carnatic_239_Bhavamulona,carnatic,/Users/prita/Desktop/Audio Fingerprinting/afp_bench/data/queries/carnatic/ablation/carnatic_ab_239_Bhavamulona_s000_composed.wav,45.629,10.0,594978071,composed,Pallavi,5.991,96.02,90.03
carnatic_ab_239_Bhavamulona_s001_composed,carnatic_239_Bhavamulona,carnatic,/Users/prita/Desktop/Audio Fingerprinting/afp_bench/data/queries/carnatic/ablation/carnatic_ab_239_Bhavamulona_s001_composed.wav,154.244,10.0,2308729055,composed,Caraṇam,96.02,223.01,126.99
carnatic_ab_239_Bhavamulona_s002_composed,carnatic_239_Bhavamulona,carnatic,/Users/prita/Desktop/Audio Fingerprinting/afp_bench/data/queries/carnatic/ablation/carnatic_ab_239_Bhavamulona_s002_composed.wav,269.769,10.0,2083316240,composed,Caraṇam,223.01,326.693,103.683
carnatic_ab_240_Ardhanarishwaram_s000_composed,carnatic_240_Ardhanarishwaram,carnatic,/Users/prita/Desktop/Audio Fingerprinting/afp_bench/data/queries/carnatic/ablation/carnatic_ab_240_Ardhanarishwaram_s000_composed.wav,43.355,10.0,3911245839,composed,Pallavi,1.416,95.086,93.669
carnatic_ab_240_Ardhanarishwaram_s001_composed,carnatic_240_Ardhanarishwaram,carnatic,/Users/prita/Desktop/Audio Fingerprinting/afp_bench/data/queries/carnatic/ablation/carnatic_ab_240_Ardhanarishwaram_s001_composed.wav,144.423,10.0,1157873640,composed,Anupallavi,95.086,203.86,108.774
carnatic_ab_240_Ardhanarishwaram_s002_composed,carnatic_240_Ardhanarishwaram,carnatic,/Users/prita/Desktop/Audio Fingerprinting/afp_bench/data/queries/carnatic/ablation/carnatic_ab_240_Ardhanarishwaram_s002_composed.wav,279.687,10.0,2678850496,composed,Caraṇam,203.86,364.774,160.914
carnatic_ab_24_Evvari_Bodhana_s000_composed,carnatic_24_Evvari_Bodhana,carnatic,/Users/prita/Desktop/Audio Fingerprinting/afp_bench/data/queries/carnatic/ablation/carnatic_ab_24_Evvari_Bodhana_s000_composed.wav,15.714,10.0,78071084,composed,Pallavi,0.389,40.345,39.956
carnatic_ab_24_Evvari_Bodhana_s001_composed,carnatic_24_Evvari_Bodhana,carnatic,/Users/prita/Desktop/Audio Fingerprinting/afp_bench/data/queries/carnatic/ablation/carnatic_ab_24_Evvari_Bodhana_s001_composed.wav,55.502,10.0,4101219110,composed,Anupallavi,40.345,79.679,39.335
carnatic_ab_24_Evvari_Bodhana_s002_composed,carnatic_24_Evvari_Bodhana,carnatic,/Users/prita/Desktop/Audio Fingerprinting/afp_bench/data/queries/carnatic/ablation/carnatic_ab_24_Evvari_Bodhana_s002_composed.wav,121.118,10.0,414876648,composed,Caraṇam,117.437,134.571,17.135
carnatic_ab_25_Sanchara_Dhadhara_s000_composed,carnatic_25_Sanchara_Dhadhara,carnatic,/Users/prita/Desktop/Audio Fingerprinting/afp_bench/data/queries/carnatic/ablation/carnatic_ab_25_Sanchara_Dhadhara_s000_composed.wav,35.959,10.0,668937596,composed,Pallavi,0.931,81.69,80.759
carnatic_ab_25_Sanchara_Dhadhara_s001_composed,carnatic_25_Sanchara_Dhadhara,carnatic,/Users/prita/Desktop/Audio Fingerprinting/afp_bench/data/queries/carnatic/ablation/carnatic_ab_25_Sanchara_Dhadhara_s001_composed.wav,114.718,10.0,971142741,composed,Caraṇam vasanta,81.69,157.959,76.269
carnatic_ab_25_Sanchara_Dhadhara_s002_composed,carnatic_25_Sanchara_Dhadhara,carnatic,/Users/prita/Desktop/Audio Fingerprinting/afp_bench/data/queries/carnatic/ablation/carnatic_ab_25_Sanchara_Dhadhara_s002_composed.wav,197.09,10.0,271197452,composed,Caraṇam yamuna kalyāṇi,157.959,245.265,87.306
carnatic_ab_25_Sanchara_Dhadhara_s003_composed,carnatic_25_Sanchara_Dhadhara,carnatic,/Users/prita/Desktop/Audio Fingerprinting/afp_bench/data/queries/carnatic/ablation/carnatic_ab_25_Sanchara_Dhadhara_s003_composed.wav,297.42,10.0,623264818,composed,Caraṇam sindhubhairavi,245.265,360.464,115.198
carnatic_ab_26_Lokavana_Chatura_s000_alaap,carnatic_26_Lokavana_Chatura,carnatic,/Users/prita/Desktop/Audio Fingerprinting/afp_bench/data/queries/carnatic/ablation/carnatic_ab_26_Lokavana_Chatura_s000_alaap.wav,206.181,10.0,3804879313,alaap,Vocal ālāp,0.086,421.721,421.635
carnatic_ab_26_Lokavana_Chatura_s001_alaap,carnatic_26_Lokavana_Chatura,carnatic,/Users/prita/Desktop/Audio Fingerprinting/afp_bench/data/queries/carnatic/ablation/carnatic_ab_26_Lokavana_Chatura_s001_alaap.wav,549.013,10.0,2159892991,alaap,Violin ālāp,421.721,686.8,265.079
carnatic_ab_26_Lokavana_Chatura_s002_composed,carnatic_26_Lokavana_Chatura,carnatic,/Users/prita/Desktop/Audio Fingerprinting/afp_bench/data/queries/carnatic/ablation/carnatic_ab_26_Lokavana_Chatura_s002_composed.wav,722.401,10.0,860383731,composed,Pallavi,686.8,768.488,81.688
carnatic_ab_26_Lokavana_Chatura_s003_composed,carnatic_26_Lokavana_Chatura,carnatic,/Users/prita/Desktop/Audio Fingerprinting/afp_bench/data/queries/carnatic/ablation/carnatic_ab_26_Lokavana_Chatura_s003_composed.wav,812.694,10.0,809384010,composed,Anupallavi,768.488,866.662,98.174
carnatic_ab_26_Lokavana_Chatura_s004_composed,carnatic_26_Lokavana_Chatura,carnatic,/Users/prita/Desktop/Audio Fingerprinting/afp_bench/data/queries/carnatic/ablation/carnatic_ab_26_Lokavana_Chatura_s004_composed.wav,899.58,10.0,1471771176,composed,Caraṇam,866.662,941.633,74.971
carnatic_ab_26_Lokavana_Chatura_s005_composed,carnatic_26_Lokavana_Chatura,carnatic,/Users/prita/Desktop/Audio Fingerprinting/afp_bench/data/queries/carnatic/ablation/carnatic_ab_26_Lokavana_Chatura_s005_composed.wav,1267.162,10.0,4011591733,composed,Caraṇam,1256.996,1286.766,29.77
carnatic_ab_27_Idhuthaano_Thillai_Sthalam_s000_composed,carnatic_27_Idhuthaano_Thillai_Sthalam,carnatic,/Users/prita/Desktop/Audio Fingerprinting/afp_bench/data/queries/carnatic/ablation/carnatic_ab_27_Idhuthaano_Thillai_Sthalam_s000_composed.wav,129.258,10.0,146906151,composed,Pallavi,108.182,161.268,53.087
carnatic_ab_27_Idhuthaano_Thillai_Sthalam_s001_composed,carnatic_27_Idhuthaano_Thillai_Sthalam,carnatic,/Users/prita/Desktop/Audio Fingerprinting/afp_bench/data/queries/carnatic/ablation/carnatic_ab_27_Idhuthaano_Thillai_Sthalam_s001_composed.wav,197.294,10.0,966564127,composed,Anupallavi,161.268,242.89,81.621
carnatic_ab_27_Idhuthaano_Thillai_Sthalam_s002_composed,carnatic_27_Idhuthaano_Thillai_Sthalam,carnatic,/Users/prita/Desktop/Audio Fingerprinting/afp_bench/data/queries/carnatic/ablation/carnatic_ab_27_Idhuthaano_Thillai_Sthalam_s002_composed.wav,285.298,10.0,3767203615,composed,Caraṇam,242.89,338.338,95.448
carnatic_ab_28_Amba_Kamakshi_s000_alaap,carnatic_28_Amba_Kamakshi,carnatic,/Users/prita/Desktop/Audio Fingerprinting/afp_bench/data/queries/carnatic/ablation/carnatic_ab_28_Amba_Kamakshi_s000_alaap.wav,429.416,10.0,1286307614,alaap,Vocal ālāp,0.255,867.637,867.381
carnatic_ab_28_Amba_Kamakshi_s001_alaap,carnatic_28_Amba_Kamakshi,carnatic,/Users/prita/Desktop/Audio Fingerprinting/afp_bench/data/queries/carnatic/ablation/carnatic_ab_28_Amba_Kamakshi_s001_alaap.wav,1122.27,10.0,1082118191,alaap,Violin ālāp,867.637,1387.299,519.663
carnatic_ab_28_Amba_Kamakshi_s002_composed,carnatic_28_Amba_Kamakshi,carnatic,/Users/prita/Desktop/Audio Fingerprinting/afp_bench/data/queries/carnatic/ablation/carnatic_ab_28_Amba_Kamakshi_s002_composed.wav,1471.068,10.0,745741371,composed,Pallavi,1387.299,1564.189,176.89
carnatic_ab_28_Amba_Kamakshi_s003_composed,carnatic_28_Amba_Kamakshi,carnatic,/Users/prita/Desktop/Audio Fingerprinting/afp_bench/data/queries/carnatic/ablation/carnatic_ab_28_Amba_Kamakshi_s003_composed.wav,2069.421,10.0,1322910726,composed,Caraṇam,1564.189,2585.635,1021.446
carnatic_ab_28_Amba_Kamakshi_s004_tani,carnatic_28_Amba_Kamakshi,carnatic,/Users/prita/Desktop/Audio Fingerprinting/afp_bench/data/queries/carnatic/ablation/carnatic_ab_28_Amba_Kamakshi_s004_tani.wav,3602.451,10.0,1532769904,tani,Tani āvartana,3369.68,3845.027,475.347
carnatic_ab_28_Amba_Kamakshi_s005_composed,carnatic_28_Amba_Kamakshi,carnatic,/Users/prita/Desktop/Audio Fingerprinting/afp_bench/data/queries/carnatic/ablation/carnatic_ab_28_Amba_Kamakshi_s005_composed.wav,3888.998,10.0,379147193,composed,Caraṇam,3845.027,3943.497,98.47
carnatic_ab_29_Vitthala_Salaho_Swamy_s000_composed,carnatic_29_Vitthala_Salaho_Swamy,carnatic,/Users/prita/Desktop/Audio Fingerprinting/afp_bench/data/queries/carnatic/ablation/carnatic_ab_29_Vitthala_Salaho_Swamy_s000_composed.wav,48.966,10.0,458512777,composed,Pallavi,0.155,107.053,106.898
carnatic_ab_29_Vitthala_Salaho_Swamy_s001_composed,carnatic_29_Vitthala_Salaho_Swamy,carnatic,/Users/prita/Desktop/Audio Fingerprinting/afp_bench/data/queries/carnatic/ablation/carnatic_ab_29_Vitthala_Salaho_Swamy_s001_composed.wav,132.717,10.0,1869558032,composed,Caraṇam,107.053,169.02,61.967
carnatic_ab_29_Vitthala_Salaho_Swamy_s002_composed,carnatic_29_Vitthala_Salaho_Swamy,carnatic,/Users/prita/Desktop/Audio Fingerprinting/afp_bench/data/queries/carnatic/ablation/carnatic_ab_29_Vitthala_Salaho_Swamy_s002_composed.wav,209.806,10.0,4086141652,composed,Caraṇam,169.02,260.702,91.682
carnatic_ab_30_Pavamana_Suthudu_Mangalam_s000_composed,carnatic_30_Pavamana_Suthudu_Mangalam,carnatic,/Users/prita/Desktop/Audio Fingerprinting/afp_bench/data/queries/carnatic/ablation/carnatic_ab_30_Pavamana_Suthudu_Mangalam_s000_composed.wav,3.791,10.0,7727158,composed,Caraṇam,0.023,17.31,17.287
carnatic_ab_30_Pavamana_Suthudu_Mangalam_s001_composed,carnatic_30_Pavamana_Suthudu_Mangalam,carnatic,/Users/prita/Desktop/Audio Fingerprinting/afp_bench/data/queries/carnatic/ablation/carnatic_ab_30_Pavamana_Suthudu_Mangalam_s001_composed.wav,33.86,10.0,333993035,composed,Caraṇam,26.122,51.972,25.85
carnatic_ab_30_Pavamana_Suthudu_Mangalam_s002_composed,carnatic_30_Pavamana_Suthudu_Mangalam,carnatic,/Users/prita/Desktop/Audio Fingerprinting/afp_bench/data/queries/carnatic/ablation/carnatic_ab_30_Pavamana_Suthudu_Mangalam_s002_composed.wav,59.781,10.0,3788616882,composed,Pallavi,51.972,78.08,26.108
carnatic_ab_31_Karuna_Ela_Gante_s000_composed,carnatic_31_Karuna_Ela_Gante,carnatic,/Users/prita/Desktop/Audio Fingerprinting/afp_bench/data/queries/carnatic/ablation/carnatic_ab_31_Karuna_Ela_Gante_s000_composed.wav,43.734,10.0,3893794957,composed,Pallavi,0.151,96.398,96.247
carnatic_ab_31_Karuna_Ela_Gante_s001_composed,carnatic_31_Karuna_Ela_Gante,carnatic,/Users/prita/Desktop/Audio Fingerprinting/afp_bench/data/queries/carnatic/ablation/carnatic_ab_31_Karuna_Ela_Gante_s001_composed.wav,126.331,10.0,432383304,composed,Anupallavi,96.398,166.882,70.484
carnatic_ab_31_Karuna_Ela_Gante_s002_composed,carnatic_31_Karuna_Ela_Gante,carnatic,/Users/prita/Desktop/Audio Fingerprinting/afp_bench/data/queries/carnatic/ablation/carnatic_ab_31_Karuna_Ela_Gante_s002_composed.wav,193.991,10.0,2982248319,composed,Caraṇam,166.882,231.34,64.459
carnatic_ab_31_Karuna_Ela_Gante_s003_composed,carnatic_31_Karuna_Ela_Gante,carnatic,/Users/prita/Desktop/Audio Fingerprinting/afp_bench/data/queries/carnatic/ablation/carnatic_ab_31_Karuna_Ela_Gante_s003_composed.wav,260.781,10.0,3770702887,composed,Caraṇam,231.34,299.979,68.638
carnatic_ab_32_Gopanandana_s000_composed,carnatic_32_Gopanandana,carnatic,/Users/prita/Desktop/Audio Fingerprinting/afp_bench/data/queries/carnatic/ablation/carnatic_ab_32_Gopanandana_s000_composed.wav,31.191,10.0,2690414260,composed,Pallavi,1.033,71.208,70.175
carnatic_ab_32_Gopanandana_s001_composed,carnatic_32_Gopanandana,carnatic,/Users/prita/Desktop/Audio Fingerprinting/afp_bench/data/queries/carnatic/ablation/carnatic_ab_32_Gopanandana_s001_composed.wav,95.897,10.0,517499995,composed,Anupallavi,71.208,131.2,59.992
carnatic_ab_32_Gopanandana_s002_composed,carnatic_32_Gopanandana,carnatic,/Users/prita/Desktop/Audio Fingerprinting/afp_bench/data/queries/carnatic/ablation/carnatic_ab_32_Gopanandana_s002_composed.wav,179.248,10.0,3121142891,composed,Caraṇam,131.2,236.46,105.26
carnatic_ab_33_Entara_Nitana_s000_alaap,carnatic_33_Entara_Nitana,carnatic,/Users/prita/Desktop/Audio Fingerprinting/afp_bench/data/queries/carnatic/ablation/carnatic_ab_33_Entara_Nitana_s000_alaap.wav,293.869,10.0,3206110252,alaap,Vocal ālāp,0.082,598.657,598.575
carnatic_ab_33_Entara_Nitana_s001_alaap,carnatic_33_Entara_Nitana,carnatic,/Users/prita/Desktop/Audio Fingerprinting/afp_bench/data/queries/carnatic/ablation/carnatic_ab_33_Entara_Nitana_s001_alaap.wav,754.523,10.0,4116258426,alaap,Violin ālāp,598.657,920.346,321.689
carnatic_ab_33_Entara_Nitana_s002_composed,carnatic_33_Entara_Nitana,carnatic,/Users/prita/Desktop/Audio Fingerprinting/afp_bench/data/queries/carnatic/ablation/carnatic_ab_33_Entara_Nitana_s002_composed.wav,980.988,10.0,2277802628,composed,Pallavi,920.346,1051.585,131.239
carnatic_ab_33_Entara_Nitana_s003_composed,carnatic_33_Entara_Nitana,carnatic,/Users/prita/Desktop/Audio Fingerprinting/afp_bench/data/queries/carnatic/ablation/carnatic_ab_33_Entara_Nitana_s003_composed.wav,1111.231,10.0,2271377430,composed,Anupallavi,1051.585,1181.013,129.428
carnatic_ab_33_Entara_Nitana_s004_composed,carnatic_33_Entara_Nitana,carnatic,/Users/prita/Desktop/Audio Fingerprinting/afp_bench/data/queries/carnatic/ablation/carnatic_ab_33_Entara_Nitana_s004_composed.wav,1194.931,10.0,905634717,composed,Caraṇam,1181.013,1219.651,38.638
carnatic_ab_33_Entara_Nitana_s005_composed,carnatic_33_Entara_Nitana,carnatic,/Users/prita/Desktop/Audio Fingerprinting/afp_bench/data/queries/carnatic/ablation/carnatic_ab_33_Entara_Nitana_s005_composed.wav,2570.766,10.0,1147907113,composed,Caraṇam,2521.316,2629.833,108.518
carnatic_ab_35_Thillana_Dhanashri_s000_composed,carnatic_35_Thillana_Dhanashri,carnatic,/Users/prita/Desktop/Audio Fingerprinting/afp_bench/data/queries/carnatic/ablation/carnatic_ab_35_Thillana_Dhanashri_s000_composed.wav,17.568,10.0,3923455457,composed,Pallavi,0.325,43.839,43.514
carnatic_ab_35_Thillana_Dhanashri_s001_composed,carnatic_35_Thillana_Dhanashri,carnatic,/Users/prita/Desktop/Audio Fingerprinting/afp_bench/data/queries/carnatic/ablation/carnatic_ab_35_Thillana_Dhanashri_s001_composed.wav,61.463,10.0,1722043824,composed,Anupallavi,43.839,89.768,45.929
carnatic_ab_35_Thillana_Dhanashri_s002_composed,carnatic_35_Thillana_Dhanashri,carnatic,/Users/prita/Desktop/Audio Fingerprinting/afp_bench/data/queries/carnatic/ablation/carnatic_ab_35_Thillana_Dhanashri_s002_composed.wav,121.406,10.0,3629812600,composed,Caraṇam,89.768,162.493,72.725
carnatic_ab_35_Thillana_Dhanashri_s003_composed,carnatic_35_Thillana_Dhanashri,carnatic,/Users/prita/Desktop/Audio Fingerprinting/afp_bench/data/queries/carnatic/ablation/carnatic_ab_35_Thillana_Dhanashri_s003_composed.wav,202.5,10.0,2915269461,composed,Caraṇam,162.493,251.899,89.406
carnatic_ab_36_Ozhukkam_Uyirinum_s000_alaap,carnatic_36_Ozhukkam_Uyirinum,carnatic,/Users/prita/Desktop/Audio Fingerprinting/afp_bench/data/queries/carnatic/ablation/carnatic_ab_36_Ozhukkam_Uyirinum_s000_alaap.wav,10.873,10.0,1936542913,alaap,Vocal ālāp,0.351,31.812,31.461
carnatic_ab_36_Ozhukkam_Uyirinum_s001_composed,carnatic_36_Ozhukkam_Uyirinum,carnatic,/Users/prita/Desktop/Audio Fingerprinting/afp_bench/data/queries/carnatic/ablation/carnatic_ab_36_Ozhukkam_Uyirinum_s001_composed.wav,54.438,10.0,4008729568,composed,Pallavi,31.812,86.971,55.159
carnatic_ab_36_Ozhukkam_Uyirinum_s002_composed,carnatic_36_Ozhukkam_Uyirinum,carnatic,/Users/prita/Desktop/Audio Fingerprinting/afp_bench/data/queries/carnatic/ablation/carnatic_ab_36_Ozhukkam_Uyirinum_s002_composed.wav,112.319,10.0,2823185379,composed,Anupallavi,86.971,147.576,60.604
carnatic_ab_36_Ozhukkam_Uyirinum_s003_composed,carnatic_36_Ozhukkam_Uyirinum,carnatic,/Users/prita/Desktop/Audio Fingerprinting/afp_bench/data/queries/carnatic/ablation/carnatic_ab_36_Ozhukkam_Uyirinum_s003_composed.wav,156.06,10.0,4161486563,composed,Caraṇam,147.576,174.857,27.282
carnatic_ab_36_Ozhukkam_Uyirinum_s004_composed,carnatic_36_Ozhukkam_Uyirinum,carnatic,/Users/prita/Desktop/Audio Fingerprinting/afp_bench/data/queries/carnatic/ablation/carnatic_ab_36_Ozhukkam_Uyirinum_s004_composed.wav,185.932,10.0,298803961,composed,Caraṇam,174.857,207.412,32.555
carnatic_ab_36_Ozhukkam_Uyirinum_s005_composed,carnatic_36_Ozhukkam_Uyirinum,carnatic,/Users/prita/Desktop/Audio Fingerprinting/afp_bench/data/queries/carnatic/ablation/carnatic_ab_36_Ozhukkam_Uyirinum_s005_composed.wav,253.465,10.0,3165620180,composed,Caraṇam,207.412,308.592,101.18
carnatic_ab_37_Undan_Paada_Pankayam_s000_composed,carnatic_37_Undan_Paada_Pankayam,carnatic,/Users/prita/Desktop/Audio Fingerprinting/afp_bench/data/queries/carnatic/ablation/carnatic_ab_37_Undan_Paada_Pankayam_s000_composed.wav,37.013,10.0,4126578177,composed,Pallavi,0.255,83.847,83.592
carnatic_ab_37_Undan_Paada_Pankayam_s001_composed,carnatic_37_Undan_Paada_Pankayam,carnatic,/Users/prita/Desktop/Audio Fingerprinting/afp_bench/data/queries/carnatic/ablation/carnatic_ab_37_Undan_Paada_Pankayam_s001_composed.wav,120.273,10.0,3507942448,composed,Anupallavi,83.847,166.406,82.559
carnatic_ab_37_Undan_Paada_Pankayam_s002_composed,carnatic_37_Undan_Paada_Pankayam,carnatic,/Users/prita/Desktop/Audio Fingerprinting/afp_bench/data/queries/carnatic/ablation/carnatic_ab_37_Undan_Paada_Pankayam_s002_composed.wav,322.627,10.0,1489754337,composed,Caraṇam,310.962,345.095,34.133
carnatic_ab_38_Raagam_Thaanam_Pallavi_s000_alaap,carnatic_38_Raagam_Thaanam_Pallavi,carnatic,/Users/prita/Desktop/Audio Fingerprinting/afp_bench/data/queries/carnatic/ablation/carnatic_ab_38_Raagam_Thaanam_Pallavi_s000_alaap.wav,365.167,10.0,3408768643,alaap,Vocal ālāp,0.279,740.343,740.064
carnatic_ab_38_Raagam_Thaanam_Pallavi_s001_alaap,carnatic_38_Raagam_Thaanam_Pallavi,carnatic,/Users/prita/Desktop/Audio Fingerprinting/afp_bench/data/queries/carnatic/ablation/carnatic_ab_38_Raagam_Thaanam_Pallavi_s001_alaap.wav,953.007,10.0,3542691790,alaap,Violin ālāp,740.343,1174.727,434.384
carnatic_ab_38_Raagam_Thaanam_Pallavi_s002_composed,carnatic_38_Raagam_Thaanam_Pallavi,carnatic,/Users/prita/Desktop/Audio Fingerprinting/afp_bench/data/queries/carnatic/ablation/carnatic_ab_38_Raagam_Thaanam_Pallavi_s002_composed.wav,2110.526,10.0,2681525147,composed,Pallavi,1759.38,2471.02,711.641
carnatic_ab_38_Raagam_Thaanam_Pallavi_s003_tani,carnatic_38_Raagam_Thaanam_Pallavi,carnatic,/Users/prita/Desktop/Audio Fingerprinting/afp_bench/data/queries/carnatic/ablation/carnatic_ab_38_Raagam_Thaanam_Pallavi_s003_tani.wav,2853.101,10.0,3846635632,tani,Tani āvartana,2708.996,3007.956,298.96
carnatic_ab_39_Pavamana_Suthudu_s000_composed,carnatic_39_Pavamana_Suthudu,carnatic,/Users/prita/Desktop/Audio Fingerprinting/afp_bench/data/queries/carnatic/ablation/carnatic_ab_39_Pavamana_Suthudu_s000_composed.wav,29.809,10.0,1943861945,composed,Pallavi,24.445,46.184,21.74
carnatic_ab_40_Kamakshi_s000_alaap,carnatic_40_Kamakshi,carnatic,/Users/prita/Desktop/Audio Fingerprinting/afp_bench/data/queries/carnatic/ablation/carnatic_ab_40_Kamakshi_s000_alaap.wav,13.242,10.0,2538398734,alaap,Vocal ālāp,0.343,35.331,34.988
carnatic_ab_40_Kamakshi_s001_composed,carnatic_40_Kamakshi,carnatic,/Users/prita/Desktop/Audio Fingerprinting/afp_bench/data/queries/carnatic/ablation/carnatic_ab_40_Kamakshi_s001_composed.wav,100.354,10.0,1371773275,composed,Pallavi,35.331,175.224,139.894
carnatic_ab_40_Kamakshi_s002_composed,carnatic_40_Kamakshi,carnatic,/Users/prita/Desktop/Audio Fingerprinting/afp_bench/data/queries/carnatic/ablation/carnatic_ab_40_Kamakshi_s002_composed.wav,694.271,10.0,349473110,composed,Caraṇam,175.224,1223.975,1048.751
carnatic_ab_41_Soundararajam_s000_composed,carnatic_41_Soundararajam,carnatic,/Users/prita/Desktop/Audio Fingerprinting/afp_bench/data/queries/carnatic/ablation/carnatic_ab_41_Soundararajam_s000_composed.wav,97.04,10.0,2651348177,composed,Pallavi,3.837,200.082,196.245
carnatic_ab_41_Soundararajam_s001_composed,carnatic_41_Soundararajam,carnatic,/Users/prita/Desktop/Audio Fingerprinting/afp_bench/data/queries/carnatic/ablation/carnatic_ab_41_Soundararajam_s001_composed.wav,293.288,10.0,1360346908,composed,Anupallavi,200.082,396.767,196.686
carnatic_ab_41_Soundararajam_s002_composed,carnatic_41_Soundararajam,carnatic,/Users/prita/Desktop/Audio Fingerprinting/afp_bench/data/queries/carnatic/ablation/carnatic_ab_41_Soundararajam_s002_composed.wav,481.12,10.0,2765517104,composed,Caraṇam,396.767,576.4,179.632
carnatic_ab_42_Payum_Oli_Nee_Yenakku_s000_composed,carnatic_42_Payum_Oli_Nee_Yenakku,carnatic,/Users/prita/Desktop/Audio Fingerprinting/afp_bench/data/queries/carnatic/ablation/carnatic_ab_42_Payum_Oli_Nee_Yenakku_s000_composed.wav,31.146,10.0,3694072556,composed,Pallavi,0.215,72.301,72.086
carnatic_ab_42_Payum_Oli_Nee_Yenakku_s001_composed,carnatic_42_Payum_Oli_Nee_Yenakku,carnatic,/Users/prita/Desktop/Audio Fingerprinting/afp_bench/data/queries/carnatic/ablation/carnatic_ab_42_Payum_Oli_Nee_Yenakku_s001_composed.wav,92.775,10.0,1960116034,composed,Caraṇam,72.301,124.151,51.85
carnatic_ab_42_Payum_Oli_Nee_Yenakku_s002_composed,carnatic_42_Payum_Oli_Nee_Yenakku,carnatic,/Users/prita/Desktop/Audio Fingerprinting/afp_bench/data/queries/carnatic/ablation/carnatic_ab_42_Payum_Oli_Nee_Yenakku_s002_composed.wav,128.088,10.0,3212350996,composed,Pallavi,124.151,142.82,18.669
carnatic_ab_42_Payum_Oli_Nee_Yenakku_s003_composed,carnatic_42_Payum_Oli_Nee_Yenakku,carnatic,/Users/prita/Desktop/Audio Fingerprinting/afp_bench/data/queries/carnatic/ablation/carnatic_ab_42_Payum_Oli_Nee_Yenakku_s003_composed.wav,153.168,10.0,345629904,composed,Caraṇam,142.82,174.097,31.277
carnatic_ab_42_Payum_Oli_Nee_Yenakku_s004_composed,carnatic_42_Payum_Oli_Nee_Yenakku,carnatic,/Users/prita/Desktop/Audio Fingerprinting/afp_bench/data/queries/carnatic/ablation/carnatic_ab_42_Payum_Oli_Nee_Yenakku_s004_composed.wav,185.078,10.0,2943727074,composed,Caraṇam,174.097,205.224,31.126
carnatic_ab_42_Payum_Oli_Nee_Yenakku_s005_composed,carnatic_42_Payum_Oli_Nee_Yenakku,carnatic,/Users/prita/Desktop/Audio Fingerprinting/afp_bench/data/queries/carnatic/ablation/carnatic_ab_42_Payum_Oli_Nee_Yenakku_s005_composed.wav,225.002,10.0,1295217890,composed,Caraṇam,205.224,254.932,49.708
carnatic_ab_42_Payum_Oli_Nee_Yenakku_s006_composed,carnatic_42_Payum_Oli_Nee_Yenakku,carnatic,/Users/prita/Desktop/Audio Fingerprinting/afp_bench/data/queries/carnatic/ablation/carnatic_ab_42_Payum_Oli_Nee_Yenakku_s006_composed.wav,255.927,10.0,3283289883,composed,Pallavi,254.932,266.582,11.651
carnatic_ab_42_Payum_Oli_Nee_Yenakku_s007_composed,carnatic_42_Payum_Oli_Nee_Yenakku,carnatic,/Users/prita/Desktop/Audio Fingerprinting/afp_bench/data/queries/carnatic/ablation/carnatic_ab_42_Payum_Oli_Nee_Yenakku_s007_composed.wav,272.784,10.0,818492803,composed,Caraṇam,266.582,288.798,22.216
carnatic_ab_42_Payum_Oli_Nee_Yenakku_s008_composed,carnatic_42_Payum_Oli_Nee_Yenakku,carnatic,/Users/prita/Desktop/Audio Fingerprinting/afp_bench/data/queries/carnatic/ablation/carnatic_ab_42_Payum_Oli_Nee_Yenakku_s008_composed.wav,292.403,10.0,991645827,composed,Pallavi,288.798,306.207,17.409
carnatic_ab_43_Shatre_Vilagi_Irum_s000_composed,carnatic_43_Shatre_Vilagi_Irum,carnatic,/Users/prita/Desktop/Audio Fingerprinting/afp_bench/data/queries/carnatic/ablation/carnatic_ab_43_Shatre_Vilagi_Irum_s000_composed.wav,66.317,10.0,353529353,composed,Pallavi,0.488,141.793,141.305
carnatic_ab_43_Shatre_Vilagi_Irum_s001_composed,carnatic_43_Shatre_Vilagi_Irum,carnatic,/Users/prita/Desktop/Audio Fingerprinting/afp_bench/data/queries/carnatic/ablation/carnatic_ab_43_Shatre_Vilagi_Irum_s001_composed.wav,180.529,10.0,4263390826,composed,Anupallavi,141.793,229.46,87.667
carnatic_ab_43_Shatre_Vilagi_Irum_s002_composed,carnatic_43_Shatre_Vilagi_Irum,carnatic,/Users/prita/Desktop/Audio Fingerprinting/afp_bench/data/queries/carnatic/ablation/carnatic_ab_43_Shatre_Vilagi_Irum_s002_composed.wav,293.288,10.0,1657449484,composed,Caraṇam,229.46,366.991,137.532
carnatic_ab_44_Maname_Ramanai_Paada_s000_composed,carnatic_44_Maname_Ramanai_Paada,carnatic,/Users/prita/Desktop/Audio Fingerprinting/afp_bench/data/queries/carnatic/ablation/carnatic_ab_44_Maname_Ramanai_Paada_s000_composed.wav,29.36,10.0,1684230450,composed,Pallavi,0.171,68.36,68.188
carnatic_ab_44_Maname_Ramanai_Paada_s001_composed,carnatic_44_Maname_Ramanai_Paada,carnatic,/Users/prita/Desktop/Audio Fingerprinting/afp_bench/data/queries/carnatic/ablation/carnatic_ab_44_Maname_Ramanai_Paada_s001_composed.wav,104.039,10.0,1827261316,composed,Caraṇam,68.36,148.84,80.48
carnatic_ab_44_Maname_Ramanai_Paada_s002_composed,carnatic_44_Maname_Ramanai_Paada,carnatic,/Users/prita/Desktop/Audio Fingerprinting/afp_bench/data/queries/carnatic/ablation/carnatic_ab_44_Maname_Ramanai_Paada_s002_composed.wav,180.016,10.0,1371661859,composed,Caraṇam,148.84,220.833,71.993
carnatic_ab_44_Maname_Ramanai_Paada_s003_composed,carnatic_44_Maname_Ramanai_Paada,carnatic,/Users/prita/Desktop/Audio Fingerprinting/afp_bench/data/queries/carnatic/ablation/carnatic_ab_44_Maname_Ramanai_Paada_s003_composed.wav,250.781,10.0,1844695359,composed,Caraṇam,220.833,291.004,70.171
carnatic_ab_44_Maname_Ramanai_Paada_s004_composed,carnatic_44_Maname_Ramanai_Paada,carnatic,/Users/prita/Desktop/Audio Fingerprinting/afp_bench/data/queries/carnatic/ablation/carnatic_ab_44_Maname_Ramanai_Paada_s004_composed.wav,322.03,10.0,3050481274,composed,Caraṇam,291.004,363.706,72.702
carnatic_ab_44_Maname_Ramanai_Paada_s005_composed,carnatic_44_Maname_Ramanai_Paada,carnatic,/Users/prita/Desktop/Audio Fingerprinting/afp_bench/data/queries/carnatic/ablation/carnatic_ab_44_Maname_Ramanai_Paada_s005_composed.wav,403.085,10.0,2754307417,composed,Caraṇam,363.706,452.467,88.761
carnatic_ab_45_Apparama_Bhakti_s000_alaap,carnatic_45_Apparama_Bhakti,carnatic,/Users/prita/Desktop/Audio Fingerprinting/afp_bench/data/queries/carnatic/ablation/carnatic_ab_45_Apparama_Bhakti_s000_alaap.wav,233.538,10.0,1454619252,alaap,Vocal ālāp,1.363,475.069,473.705
carnatic_ab_45_Apparama_Bhakti_s001_alaap,carnatic_45_Apparama_Bhakti,carnatic,/Users/prita/Desktop/Audio Fingerprinting/afp_bench/data/queries/carnatic/ablation/carnatic_ab_45_Apparama_Bhakti_s001_alaap.wav,604.152,10.0,2963462848,alaap,Violin ālāp,475.069,743.317,268.249
carnatic_ab_45_Apparama_Bhakti_s002_composed,carnatic_45_Apparama_Bhakti,carnatic,/Users/prita/Desktop/Audio Fingerprinting/afp_bench/data/queries/carnatic/ablation/carnatic_ab_45_Apparama_Bhakti_s002_composed.wav,776.789,10.0,438397737,composed,Pallavi,743.317,820.86,77.543
carnatic_ab_45_Apparama_Bhakti_s003_composed,carnatic_45_Apparama_Bhakti,carnatic,/Users/prita/Desktop/Audio Fingerprinting/afp_bench/data/queries/carnatic/ablation/carnatic_ab_45_Apparama_Bhakti_s003_composed.wav,855.298,10.0,376143404,composed,Anupallavi,820.86,900.052,79.192
carnatic_ab_45_Apparama_Bhakti_s004_composed,carnatic_45_Apparama_Bhakti,carnatic,/Users/prita/Desktop/Audio Fingerprinting/afp_bench/data/queries/carnatic/ablation/carnatic_ab_45_Apparama_Bhakti_s004_composed.wav,939.291,10.0,906135904,composed,Caraṇam,900.052,987.591,87.539
carnatic_ab_46_Manadirkkugandhadu_s000_alaap,carnatic_46_Manadirkkugandhadu,carnatic,/Users/prita/Desktop/Audio Fingerprinting/afp_bench/data/queries/carnatic/ablation/carnatic_ab_46_Manadirkkugandhadu_s000_alaap.wav,27.316,10.0,230140568,alaap,Vocal ālāp,0.106,64.612,64.506
carnatic_ab_46_Manadirkkugandhadu_s001_composed,carnatic_46_Manadirkkugandhadu,carnatic,/Users/prita/Desktop/Audio Fingerprinting/afp_bench/data/queries/carnatic/ablation/carnatic_ab_46_Manadirkkugandhadu_s001_composed.wav,94.931,10.0,2849998160,composed,Pallavi,64.612,134.433,69.82
carnatic_ab_46_Manadirkkugandhadu_s002_composed,carnatic_46_Manadirkkugandhadu,carnatic,/Users/prita/Desktop/Audio Fingerprinting/afp_bench/data/queries/carnatic/ablation/carnatic_ab_46_Manadirkkugandhadu_s002_composed.wav,161.811,10.0,2112185494,composed,Anupallavi,134.433,198.939,64.506
carnatic_ab_46_Manadirkkugandhadu_s003_composed,carnatic_46_Manadirkkugandhadu,carnatic,/Users/prita/Desktop/Audio Fingerprinting/afp_bench/data/queries/carnatic/ablation/carnatic_ab_46_Manadirkkugandhadu_s003_composed.wav,258.417,10.0,720385630,composed,Caraṇam,198.939,327.001,128.062
carnatic_ab_47_Koti_Janmani_s000_alaap,carnatic_47_Koti_Janmani,carnatic,/Users/prita/Desktop/Audio Fingerprinting/afp_bench/data/queries/carnatic/ablation/carnatic_ab_47_Koti_Janmani_s000_alaap.wav,29.025,10.0,2339116574,alaap,Vocal ālāp,1.12,66.612,65.492
carnatic_ab_47_Koti_Janmani_s001_composed,carnatic_47_Koti_Janmani,carnatic,/Users/prita/Desktop/Audio Fingerprinting/afp_bench/data/queries/carnatic/ablation/carnatic_ab_47_Koti_Janmani_s001_composed.wav,116.997,10.0,353607280,composed,Pallavi,66.612,177.469,110.857
carnatic_ab_47_Koti_Janmani_s002_composed,carnatic_47_Koti_Janmani,carnatic,/Users/prita/Desktop/Audio Fingerprinting/afp_bench/data/queries/carnatic/ablation/carnatic_ab_47_Koti_Janmani_s002_composed.wav,235.303,10.0,1969598040,composed,Anupallavi,177.469,303.159,125.69
carnatic_ab_47_Koti_Janmani_s003_composed,carnatic_47_Koti_Janmani,carnatic,/Users/prita/Desktop/Audio Fingerprinting/afp_bench/data/queries/carnatic/ablation/carnatic_ab_47_Koti_Janmani_s003_composed.wav,410.024,10.0,1767575072,composed,Caraṇam,303.159,526.707,223.548
carnatic_ab_48_Brova_Barama_s000_composed,carnatic_48_Brova_Barama,carnatic,/Users/prita/Desktop/Audio Fingerprinting/afp_bench/data/queries/carnatic/ablation/carnatic_ab_48_Brova_Barama_s000_composed.wav,20.157,10.0,1652810897,composed,Pallavi,0.09,50.808,50.718
carnatic_ab_48_Brova_Barama_s001_composed,carnatic_48_Brova_Barama,carnatic,/Users/prita/Desktop/Audio Fingerprinting/afp_bench/data/queries/carnatic/ablation/carnatic_ab_48_Brova_Barama_s001_composed.wav,83.597,10.0,238231339,composed,Anupallavi,50.808,125.878,75.069
carnatic_ab_48_Brova_Barama_s002_composed,carnatic_48_Brova_Barama,carnatic,/Users/prita/Desktop/Audio Fingerprinting/afp_bench/data/queries/carnatic/ablation/carnatic_ab_48_Brova_Barama_s002_composed.wav,189.861,10.0,3695703097,composed,Caraṇam,125.878,263.576,137.698
carnatic_ab_49_Shankari_Shankuru_s000_alaap,carnatic_49_Shankari_Shankuru,carnatic,/Users/prita/Desktop/Audio Fingerprinting/afp_bench/data/queries/carnatic/ablation/carnatic_ab_49_Shankari_Shankuru_s000_alaap.wav,312.75,10.0,88957242,alaap,Vocal ālāp,0.678,635.182,634.504
carnatic_ab_49_Shankari_Shankuru_s001_alaap,carnatic_49_Shankari_Shankuru,carnatic,/Users/prita/Desktop/Audio Fingerprinting/afp_bench/data/queries/carnatic/ablation/carnatic_ab_49_Shankari_Shankuru_s001_alaap.wav,769.163,10.0,2506930554,alaap,Violin ālāp,635.182,914.03,278.848
carnatic_ab_49_Shankari_Shankuru_s002_composed,carnatic_49_Shankari_Shankuru,carnatic,/Users/prita/Desktop/Audio Fingerprinting/afp_bench/data/queries/carnatic/ablation/carnatic_ab_49_Shankari_Shankuru_s002_composed.wav,973.035,10.0,2729455456,composed,Pallavi,914.03,1042.46,128.43
carnatic_ab_49_Shankari_Shankuru_s003_composed,carnatic_49_Shankari_Shankuru,carnatic,/Users/prita/Desktop/Audio Fingerprinting/afp_bench/data/queries/carnatic/ablation/carnatic_ab_49_Shankari_Shankuru_s003_composed.wav,1076.912,10.0,2656526977,composed,Anupallavi,1042.46,1120.502,78.042
carnatic_ab_49_Shankari_Shankuru_s004_composed,carnatic_49_Shankari_Shankuru,carnatic,/Users/prita/Desktop/Audio Fingerprinting/afp_bench/data/queries/carnatic/ablation/carnatic_ab_49_Shankari_Shankuru_s004_composed.wav,1165.577,10.0,3709961712,composed,Caraṇam,1120.502,1219.767,99.265
carnatic_ab_49_Shankari_Shankuru_s005_tani,carnatic_49_Shankari_Shankuru,carnatic,/Users/prita/Desktop/Audio Fingerprinting/afp_bench/data/queries/carnatic/ablation/carnatic_ab_49_Shankari_Shankuru_s005_tani.wav,2362.94,10.0,1873127840,tani,Tani āvartana,2000.469,2735.073,734.604
carnatic_ab_50_Karunimpa_Idi_s000_composed,carnatic_50_Karunimpa_Idi,carnatic,/Users/prita/Desktop/Audio Fingerprinting/afp_bench/data/queries/carnatic/ablation/carnatic_ab_50_Karunimpa_Idi_s000_composed.wav,30.747,10.0,4075582551,composed,Pallavi,0.049,72.367,72.318
carnatic_ab_50_Karunimpa_Idi_s001_composed,carnatic_50_Karunimpa_Idi,carnatic,/Users/prita/Desktop/Audio Fingerprinting/afp_bench/data/queries/carnatic/ablation/carnatic_ab_50_Karunimpa_Idi_s001_composed.wav,78.856,10.0,1570546804,composed,Anupallavi,72.367,94.457,22.09
carnatic_ab_50_Karunimpa_Idi_s002_composed,carnatic_50_Karunimpa_Idi,carnatic,/Users/prita/Desktop/Audio Fingerprinting/afp_bench/data/queries/carnatic/ablation/carnatic_ab_50_Karunimpa_Idi_s002_composed.wav,225.686,10.0,2217386959,composed,Caraṇam,220.065,241.861,21.796
carnatic_ab_51_Pavamana_Suthudu_Mangalam_s000_composed,carnatic_51_Pavamana_Suthudu_Mangalam,carnatic,/Users/prita/Desktop/Audio Fingerprinting/afp_bench/data/queries/carnatic/ablation/carnatic_ab_51_Pavamana_Suthudu_Mangalam_s000_composed.wav,20.795,10.0,2273153112,composed,Caraṇam,17.281,33.895,16.614
carnatic_ab_51_Pavamana_Suthudu_Mangalam_s001_composed,carnatic_51_Pavamana_Suthudu_Mangalam,carnatic,/Users/prita/Desktop/Audio Fingerprinting/afp_bench/data/queries/carnatic/ablation/carnatic_ab_51_Pavamana_Suthudu_Mangalam_s001_composed.wav,54.169,10.0,1785382887,composed,Caraṇam,33.895,85.264,51.368
carnatic_ab_52_Geeta_Nayakan_s000_composed,carnatic_52_Geeta_Nayakan,carnatic,/Users/prita/Desktop/Audio Fingerprinting/afp_bench/data/queries/carnatic/ablation/carnatic_ab_52_Geeta_Nayakan_s000_composed.wav,27.402,10.0,706089268,composed,Pallavi,0.4,63.902,63.502
carnatic_ab_52_Geeta_Nayakan_s001_composed,carnatic_52_Geeta_Nayakan,carnatic,/Users/prita/Desktop/Audio Fingerprinting/afp_bench/data/queries/carnatic/ablation/carnatic_ab_52_Geeta_Nayakan_s001_composed.wav,97.428,10.0,2092387099,composed,Anupallavi kāpi,63.902,140.433,76.531
carnatic_ab_52_Geeta_Nayakan_s002_composed,carnatic_52_Geeta_Nayakan,carnatic,/Users/prita/Desktop/Audio Fingerprinting/afp_bench/data/queries/carnatic/ablation/carnatic_ab_52_Geeta_Nayakan_s002_composed.wav,191.286,10.0,1746100770,composed,Caraṇam sahānā,140.433,252.122,111.69
carnatic_ab_52_Geeta_Nayakan_s003_composed,carnatic_52_Geeta_Nayakan,carnatic,/Users/prita/Desktop/Audio Fingerprinting/afp_bench/data/queries/carnatic/ablation/carnatic_ab_52_Geeta_Nayakan_s003_composed.wav,309.254,10.0,3195833376,composed,Caraṇam hamsānandi,252.122,376.529,124.407
carnatic_ab_53_Siddhi_Vinayakam_s000_alaap,carnatic_53_Siddhi_Vinayakam,carnatic,/Users/prita/Desktop/Audio Fingerprinting/afp_bench/data/queries/carnatic/ablation/carnatic_ab_53_Siddhi_Vinayakam_s000_alaap.wav,23.284,10.0,2519118911,alaap,Vocal ālāp,1.151,55.731,54.58
carnatic_ab_53_Siddhi_Vinayakam_s001_composed,carnatic_53_Siddhi_Vinayakam,carnatic,/Users/prita/Desktop/Audio Fingerprinting/afp_bench/data/queries/carnatic/ablation/carnatic_ab_53_Siddhi_Vinayakam_s001_composed.wav,92.418,10.0,3297493407,composed,Pallavi,55.731,139.216,83.486
carnatic_ab_53_Siddhi_Vinayakam_s002_composed,carnatic_53_Siddhi_Vinayakam,carnatic,/Users/prita/Desktop/Audio Fingerprinting/afp_bench/data/queries/carnatic/ablation/carnatic_ab_53_Siddhi_Vinayakam_s002_composed.wav,185.163,10.0,2181273491,composed,Anupallavi,139.216,241.976,102.759
carnatic_ab_53_Siddhi_Vinayakam_s003_composed,carnatic_53_Siddhi_Vinayakam,carnatic,/Users/prita/Desktop/Audio Fingerprinting/afp_bench/data/queries/carnatic/ablation/carnatic_ab_53_Siddhi_Vinayakam_s003_composed.wav,310.271,10.0,1892349766,composed,Caraṇam,241.976,388.278,146.302
carnatic_ab_54_Thillana_Pahadi_s000_composed,carnatic_54_Thillana_Pahadi,carnatic,/Users/prita/Desktop/Audio Fingerprinting/afp_bench/data/queries/carnatic/ablation/carnatic_ab_54_Thillana_Pahadi_s000_composed.wav,27.627,10.0,674269204,composed,Pallavi,0.445,63.855,63.41
carnatic_ab_54_Thillana_Pahadi_s001_composed,carnatic_54_Thillana_Pahadi,carnatic,/Users/prita/Desktop/Audio Fingerprinting/afp_bench/data/queries/carnatic/ablation/carnatic_ab_54_Thillana_Pahadi_s001_composed.wav,82.802,10.0,2163037270,composed,Anupallavi,63.855,111.491,47.636
carnatic_ab_54_Thillana_Pahadi_s002_composed,carnatic_54_Thillana_Pahadi,carnatic,/Users/prita/Desktop/Audio Fingerprinting/afp_bench/data/queries/carnatic/ablation/carnatic_ab_54_Thillana_Pahadi_s002_composed.wav,140.758,10.0,859709807,composed,Caraṇam,111.491,179.78,68.29
